REF_AREA,REF_AREA_LABEL,TIME_PERIOD,time_date,STRATUM,STRATUM_LABEL,WB_BPS_ARREARS,WB_BPS_CHANGE_SALES,WB_BPS_DROPSALES,WB_BPS_EXPECTATIONS_SALES,WB_BPS_PLANTS_ABSENCE,WB_BPS_PLANTS_FIRED,WB_BPS_PLANTS_HOURS_CUT,WB_BPS_PLANTS_WAGES_CUT,WB_BPS_REMOTE_WORKERS,WB_BPS_USE_DIGITAL,WB_BPS_ACCESS,WB_BPS_ONLINE_SALES,WB_BPS_RCV_POLICY,WB_BPS_ORDERS_CANCEL,WB_BPS_STOP_SELL,WB_BPS_PROTOCOL_1,WB_BPS_PROTOCOL_2,WB_BPS_PROTOCOL_3,WB_BPS_PROTOCOL_4,WB_BPS_PROTOCOL_5,protocols_mean,ACI,change_sales_stress,CSI,ACI_l1,support_l1
AFG,Afghanistan,2020-06,2020-06-01,WB_BPS_SECTOR_AGR,Sector: Agriculture,64.71,-66.25,87.5,-17.36,47.06,38.24,20.59,11.76,0.91,61.76,,,,,,,,,,,,-0.0516965725494402,66.25,0.843565649295234,,
AFG,Afghanistan,2020-06,2020-06-01,WB_BPS_SECTOR_MGF,Sector: Manufacturing,67.61,-69.5,91.04,-24.99,64.79,45.07,15.49,12.68,2.37,40.85,0.7,24.53,0.7,,,,,,,,,-0.172283880089822,69.5,1.11173588150035,,
ARG,Argentina,2021-06,2021-06-01,WB_BPS_SECTOR_MGF,Sector: Manufacturing,22.27,7.55,38.66,7.14,14.49,1.66,12.7,4.8,1.87,40.81,52.38,13.82,29.605,29.77,34.01,,,,,,,-0.427629977504261,-7.55,-0.976582997358931,,
ARG,Argentina,2021-06,2021-06-01,WB_BPS_SECTOR_OS,Sector: Other Services,15.62,-7.32,45.84,6.88,15.72,1.96,7.38,6.17,25.21,57.25,41.06,24.17,20.735,10.31,28.87,,,,,,,0.981335160188938,7.32,-1.05007560497607,,
ARG,Argentina,2021-06,2021-06-01,WB_BPS_SECTOR_RET,Sector: Retail,16.65,-12.91,55.8,7.2,12.19,1.07,12.89,5.12,4.55,68.88,41.76,19.49,18.69,27.08,18.47,,,,,,,0.236442196041863,12.91,-0.94187959576892,,
BEN,Benin,2021-06,2021-06-01,WB_BPS_SECTOR_MGF,Sector: Manufacturing,,-11.74,41.46,,3.76,2.83,6.6,6.13,3.57,33.33,4.65,,1.862,,,,,,,,,-0.551053886357598,11.74,-1.16641094704118,,
BEN,Benin,2021-06,2021-06-01,WB_BPS_SECTOR_OS,Sector: Other Services,,-4.45,28.76,,10.86,5.73,4.79,3.19,5.05,56.19,5.71,,2.295,,,,,,,,,0.0663752069602095,4.45,-1.28439358093012,,
BEN,Benin,2021-06,2021-06-01,WB_BPS_SECTOR_RET,Sector: Retail,,-5.68,31.88,,8.87,5.32,6.03,4.26,1.75,40,1.76,,0.562,,,,,,,,,-0.505250064315327,5.68,-1.24810582731018,,
BFA,Burkina Faso,2020-10,2020-10-01,WB_BPS_SECTOR_AGR,Sector: Agriculture,38.17,,,,8.57,8.53,13.12,3.49,,,8.22,,4.58,,,,,,,,,,,-0.696290913594211,,
BFA,Burkina Faso,2020-10,2020-10-01,WB_BPS_SECTOR_OS,Sector: Other Services,29.24,-32.6,78.21,,10.15,6.22,15.33,12.78,4.02,41.34,13.61,8.22,3.362,,,,,,,,,-0.456729951959908,32.6,-0.447302937930147,,
BFA,Burkina Faso,2020-10,2020-10-01,WB_BPS_SECTOR_RET,Sector: Retail,22.36,-33.95,83.66,,2.19,1.92,11.83,5.76,2.84,26.89,12.95,4.55,3.8475,,,,,,,,,-0.807115361674657,33.95,-0.649489896999216,,
BGD,Bangladesh,2020-06,2020-06-01,WB_BPS_SECTOR_AGR,Sector: Agriculture,,-41.85,87.84,,32.47,20.78,25.97,22.08,5.45,7.69,3.9,,1.95,,,,,,,,,-1.03236818309395,41.85,0.364016034739082,,
BGD,Bangladesh,2021-07,2021-07-01,WB_BPS_SECTOR_AGR,Sector: Agriculture,40.85,-24.43,56.09,6.47,,6.01,,,,6.4,12.14,,3.75,9.4,,,,,,,,,24.43,-0.678791490412024,-1.03236818309395,3.9
BGD,Bangladesh,2020-06,2020-06-01,WB_BPS_SECTOR_MGF,Sector: Manufacturing,88.98,-72.44,96.88,,52.86,23.79,54.19,42.73,18.23,20.9,2.64,,0.733333333333333,,,,,,,,,0.035870190089604,72.44,1.53039630941667,,
BGD,Bangladesh,2021-07,2021-07-01,WB_BPS_SECTOR_MGF,Sector: Manufacturing,53.46,-45.93,82.42,0.74,,14.49,,,9.91,11.04,7.14,,1.12,26.75,51.03,,,,,,,-0.688737488744877,45.93,0.38476924293914,0.035870190089604,2.64
BGD,Bangladesh,2020-06,2020-06-01,WB_BPS_SECTOR_OS,Sector: Other Services,,-62.73,97.48,,25.21,11.76,72.27,56.3,,,,,,,,,,,,,,,62.73,1.19021125138854,,
BGD,Bangladesh,2021-07,2021-07-01,WB_BPS_SECTOR_OS,Sector: Other Services,70.6,-40.13,82.71,3.92,,8.39,,,14.92,11.72,3.66,,1.63,21.29,,,,,,,,-0.37409434111495,40.13,0.242456712234761,,
BGD,Bangladesh,2020-06,2020-06-01,WB_BPS_SECTOR_RET,Sector: Retail,,-47.4,96.1,,12.99,9.09,80.52,33.77,,,,,,,,,,,,,,,47.4,0.716317707450584,,
BGD,Bangladesh,2021-07,2021-07-01,WB_BPS_SECTOR_RET,Sector: Retail,59.2,-31.67,72.8,-0.52,,9.35,,,,,0.22,,0.22,14.2,,,,,,,,,31.67,-0.129198039473722,,
BGR,Bulgaria,2020-11,2020-11-01,WB_BPS_SECTOR_AGR,Sector: Agriculture,24,,,,25.45,26.91,10.91,14.55,,,33.45,,6.545,,,,,,,,,,,-0.219382575598467,,
BGR,Bulgaria,2021-05,2021-05-01,WB_BPS_SECTOR_AGR,Sector: Agriculture,15.36,-7.3,25,,,16.61,,,,,30.41,,,9.81,,,,,,,,,7.3,-1.26658516130112,,33.45
BGR,Bulgaria,2020-05,2020-05-01,WB_BPS_SECTOR_MGF,Sector: Manufacturing,25.47,-34,75.82,-6.45,58.13,34.15,19.92,24.8,1.95,17.67,12.2,15.09,2.522,,,,,,,,,-0.753674520912733,34,0.379064347431005,,
BGR,Bulgaria,2020-11,2020-11-01,WB_BPS_SECTOR_MGF,Sector: Manufacturing,31,-21.76,63.43,-14.93,40.5,25.34,9.5,11.46,3.22,32.58,27.51,7.62,6.125,,,92.47,34.52,59.95,36.56,23.25,49.35,-0.385505152809142,21.76,-0.211672239355841,-0.753674520912733,12.2
BGR,Bulgaria,2021-05,2021-05-01,WB_BPS_SECTOR_MGF,Sector: Manufacturing,9.1,-13.36,52.66,3.68,,32.65,,,3.06,35.53,39.84,12.32,,13.14,35.54,,,,,,,-0.494665493783455,13.36,-0.594770692489934,-0.385505152809142,27.51
BGR,Bulgaria,2020-05,2020-05-01,WB_BPS_SECTOR_OS,Sector: Other Services,28.17,-42.32,74.71,-13.19,41.93,30.04,17.94,17.49,16.23,34.83,8.3,20.55,2.018,,,,,,,,,0.198821601177308,42.32,0.194291638022827,,
BGR,Bulgaria,2020-11,2020-11-01,WB_BPS_SECTOR_OS,Sector: Other Services,24.24,-29.18,61.11,-21.91,27.45,15.83,9.97,7.54,15.07,45.42,22.36,22.02,4.442,,,84.05,27.27,55.63,33.24,29.94,46.026,0.290573940515018,29.18,-0.472770840578793,0.198821601177308,8.3
BGR,Bulgaria,2021-05,2021-05-01,WB_BPS_SECTOR_OS,Sector: Other Services,10.23,-24.02,50.5,4.48,,14.38,,,14.62,45.36,27.47,14.47,,10.76,39.91,,,,,,,0.163955696329449,24.02,-0.73709456387009,0.290573940515018,22.36
BGR,Bulgaria,2020-05,2020-05-01,WB_BPS_SECTOR_RET,Sector: Retail,29.55,-36.99,77.78,-9.87,39.45,23.5,29.36,18.89,9.27,31.39,9.17,14.6,1.654,,,,,,,,,-0.261557575357883,36.99,0.181471964131525,,
BGR,Bulgaria,2020-11,2020-11-01,WB_BPS_SECTOR_RET,Sector: Retail,25.57,-27.69,72.29,-21.79,24.58,11.22,15.03,8.11,11.26,38.61,26.23,11.01,5.8225,,,79.58,31.69,57.77,40.17,29.77,47.796,-0.0495032042459252,27.69,-0.426934428556561,-0.261557575357883,9.17
BGR,Bulgaria,2021-05,2021-05-01,WB_BPS_SECTOR_RET,Sector: Retail,13.34,-20.98,62.87,7.1,,4.69,,,8.14,48.08,29.5,11.96,,22.28,,,,,,,,-0.106846628616936,20.98,-0.803813753589575,-0.0495032042459252,26.23
BRA,Brazil,2020-06,2020-06-01,WB_BPS_SECTOR_MGF,Sector: Manufacturing,,-47.79,82.64,,,45.72,41.26,29.48,6.27,75.87,28.68,,5.815,,,,,,,,,0.5946862963328,47.79,1.0463900279125,,
BRA,Brazil,2020-12,2020-12-01,WB_BPS_SECTOR_MGF,Sector: Manufacturing,39.06,-10.42,50.61,,8.22,8.83,28.52,13.39,1.82,83.88,,45.6,,,,,,,,,,0.931846698834997,10.42,-0.64134848375244,0.5946862963328,28.68
BRA,Brazil,2020-06,2020-06-01,WB_BPS_SECTOR_OS,Sector: Other Services,,-57.28,87.43,,,40.93,42.81,31.62,8.98,67,25.16,,5.525,,,,,,,,,0.551058676219738,57.28,1.16053682033054,,
BRA,Brazil,2020-12,2020-12-01,WB_BPS_SECTOR_OS,Sector: Other Services,47.28,-27.7,63.81,,10.05,12.45,30.18,13.83,4.5,82.57,,31.3,,,,,,,,,,0.704666176348163,27.7,-0.275436043907615,0.551058676219738,25.16
BRA,Brazil,2020-06,2020-06-01,WB_BPS_SECTOR_RET,Sector: Retail,,-43.35,84.61,,,34.71,38.99,23.98,3.8,72.98,24.39,,5.325,,,,,,,,,0.38042915421024,43.35,0.739609374198502,,
BRA,Brazil,2020-12,2020-12-01,WB_BPS_SECTOR_RET,Sector: Retail,38.02,-16.96,59.43,,7.91,11.25,18.52,9.46,2.73,88.79,,31.72,,,,,,,,,,0.739456283218816,16.96,-0.611490263677384,0.38042915421024,24.39
CHL,Chile,2021-07,2021-07-01,WB_BPS_SECTOR_MGF,Sector: Manufacturing,14.89,-2.55,38.27,16,48.12,21.29,36.57,22.17,13.64,65.96,53.5,39.64,22.9525,40.61,,,,,,,,0.994767251438921,2.55,-0.232197023094325,,
CHL,Chile,2021-07,2021-07-01,WB_BPS_SECTOR_OS,Sector: Other Services,19.91,-21.1,59.1,16.8,52.62,23.93,40.58,33.39,27.09,69.6,47.84,40.67,22.155,26.84,33.52,,,,,,,1.60848504307326,21.1,0.0823591478631196,,
CHL,Chile,2021-07,2021-07-01,WB_BPS_SECTOR_RET,Sector: Retail,18.59,-2.88,42.94,10.42,50.68,25.29,43.73,27.67,12.98,73.18,49.52,39.47,22.2875,41.14,35.83,,,,,,,1.07620068679619,2.88,-0.047476750470351,,
CIV,Cote d'Ivoire,2020-04,2020-04-01,WB_BPS_SECTOR_AGR,Sector: Agriculture,,-40.98,91.76,,36.92,,44.84,25.98,,,,,,,,,,,,,,,40.98,0.677318527277186,,
CIV,Cote d'Ivoire,2020-04,2020-04-01,WB_BPS_SECTOR_MGF,Sector: Manufacturing,,-72.06,97.04,,43.5,5.46,58.15,19.02,,,,,,,,,,,,,,,72.06,0.831378596116212,,
CIV,Cote d'Ivoire,2020-04,2020-04-01,WB_BPS_SECTOR_OS,Sector: Other Services,,-70.46,96.92,,55.09,1.98,53.48,42.31,,,,,,,,,,,,,,,70.46,1.08599479014351,,
CIV,Cote d'Ivoire,2020-04,2020-04-01,WB_BPS_SECTOR_RET,Sector: Retail,,-62.32,90.66,,25.17,1.3,50.85,24.76,,,,,,,,,,,,,,,62.32,0.461838063095506,,
DZA,Algeria,2020-08,2020-08-01,WB_BPS_SECTOR_MGF,Sector: Manufacturing,,-43.5,72.55,,62.99,19.06,28.35,17.3,1.44,50.06,4.81,13.99,0.945,,,,,,,,,-0.29826816650304,43.5,0.467721906351741,,
DZA,Algeria,2020-08,2020-08-01,WB_BPS_SECTOR_OS,Sector: Other Services,,-53.54,86.53,,57.05,23.87,35.23,16.97,8.87,67.96,8.17,24.85,1.175,,,,,,,,,0.511600904781732,53.54,0.747842942051365,,
GAB,Gabon,2020-05,2020-05-01,WB_BPS_SECTOR_AGR,Sector: Agriculture,,-33.31,88.89,,,21.62,67.57,37.84,,,,,,,,,,,,,,,33.31,0.916833296434172,,
GAB,Gabon,2020-05,2020-05-01,WB_BPS_SECTOR_MGF,Sector: Manufacturing,76,-37,88.14,,,33.33,74.6,38.1,,58.49,21.43,,5.9525,,,,,,,,,,37,1.29115847109572,,
GAB,Gabon,2020-05,2020-05-01,WB_BPS_SECTOR_OS,Sector: Other Services,70.09,-39.86,85.07,,,20.53,70.53,38.22,,51.75,10.67,,6.79,,,,,,,,,,39.86,1.02632691063076,,
GAB,Gabon,2020-05,2020-05-01,WB_BPS_SECTOR_RET,Sector: Retail,60.42,-42.48,91.76,,,20.25,70.89,32.91,,43.64,22.22,,10.7125,,,,,,,,,,42.48,0.9697265461908,,
GHA,Ghana,2020-06,2020-06-01,WB_BPS_SECTOR_AGR,Sector: Agriculture,,-34.88,77.07,,36.11,8.21,35.21,39.93,0.58,12.26,13.83,65.87,6.64333333333333,,,,,,,,,0.221822789645601,34.88,0.329942111479225,,
GHA,Ghana,2020-09,2020-09-01,WB_BPS_SECTOR_AGR,Sector: Agriculture,,-44.36,82.77,,7.85,4.26,5.98,17.97,,10.73,22.66,,3.545,,,,,,,,,,44.36,-0.328050344975256,0.221822789645601,13.83
GHA,Ghana,2020-06,2020-06-01,WB_BPS_SECTOR_MGF,Sector: Manufacturing,,-49.69,88.04,,18.98,4.12,35.86,44.2,0.65,10.94,2.19,2.79,0.63,,,,,,,,,-1.17893811447628,49.69,0.394962194450681,,
GHA,Ghana,2020-09,2020-09-01,WB_BPS_SECTOR_MGF,Sector: Manufacturing,,-49.87,90.36,,7.12,0.77,33.91,36.52,,17.98,15.35,,3.735,,,,,,,,,,49.87,0.161778027667838,-1.17893811447628,2.19
GHA,Ghana,2020-06,2020-06-01,WB_BPS_SECTOR_OS,Sector: Other Services,,-46.8,88.26,,16.1,3.91,33.98,37.45,3.12,21.39,4.15,4.88,0.8325,,,,,,,,,-0.873613255291843,46.8,0.253549514733212,,
GHA,Ghana,2020-09,2020-09-01,WB_BPS_SECTOR_OS,Sector: Other Services,,-40.9,85.56,,3.24,1.1,14.09,23.41,,28.78,9.14,,1.258,,,,,,,,,,40.9,-0.29598423025615,-0.873613255291843,4.15
GHA,Ghana,2020-06,2020-06-01,WB_BPS_SECTOR_RET,Sector: Retail,,-45.32,89.05,,11.53,2.78,25.83,35.22,0.31,10.63,2.09,1.08,0.593333333333333,,,,,,,,,-1.23474071953239,45.32,0.0982764639786688,,
GHA,Ghana,2020-09,2020-09-01,WB_BPS_SECTOR_RET,Sector: Retail,,-38.75,82.26,,3.42,0.46,22.14,32.24,,20.79,11.17,,2.71,,,,,,,,,,38.75,-0.190646423754896,-1.23474071953239,2.09
HRV,Croatia,2021-05,2021-05-01,WB_BPS_SECTOR_MGF,Sector: Manufacturing,21.43,1.31,36.9,6.62,16.67,29.76,11.9,11.9,,47.3,73.81,25.59,29.465,14.29,,,,,,,,0.286754081471904,-1.31,-0.766475296837798,,
HRV,Croatia,2021-05,2021-05-01,WB_BPS_SECTOR_OS,Sector: Other Services,33.33,-17.19,52.38,5.73,11.46,19.1,10.76,17.36,,58.44,69.1,28.65,27.6025,15.79,,,,,,,,0.645253165455693,17.19,-0.566529721368625,,
HRV,Croatia,2021-05,2021-05-01,WB_BPS_SECTOR_RET,Sector: Retail,26.51,-10.06,53.66,2.08,19.28,22.89,9.64,13.25,,71.19,60.24,28.06,26.205,16.87,,,,,,,,0.920966058414709,10.06,-0.587099836139573,,
IDN,Indonesia,2020-06,2020-06-01,WB_BPS_SECTOR_MGF,Sector: Manufacturing,21.95,-60.55,92.47,-15.09,26.33,16.1,40.97,14.49,4.96,45.4,5.24,17.89,1.3175,,,,,,,,,-0.144654841604918,60.55,0.266355907681411,,
IDN,Indonesia,2020-10,2020-10-01,WB_BPS_SECTOR_MGF,Sector: Manufacturing,28.66,-48.63,79.2,19.64,13.87,8.02,37.74,19.69,4.38,57.37,49.7,25.51,10.42,,,93.07,12.17,57.41,35.58,20.84,43.814,0.125567872172806,48.63,-0.0486982415736271,-0.144654841604918,5.24
IDN,Indonesia,2021-03,2021-03-01,WB_BPS_SECTOR_MGF,Sector: Manufacturing,,,,,2.2,1.24,,,3.6,,58.49,12.61,,,,,,,,,,-0.48953775401452,,,0.125567872172806,49.7
IDN,Indonesia,2020-06,2020-06-01,WB_BPS_SECTOR_OS,Sector: Other Services,13.09,-53.71,84.3,-13.69,14.49,11.05,24.11,14.59,16.12,77.57,6.75,43.07,1.53,,,,,,,,,1.34777248154219,53.71,-0.184699405518281,,
IDN,Indonesia,2020-10,2020-10-01,WB_BPS_SECTOR_OS,Sector: Other Services,37.22,-47.34,84.67,-4.8,6.24,5.14,21.64,13.13,14.47,73.57,47.65,44.06,9.696,,,92.91,13.52,67.64,36.6,15.86,45.306,0.947312578898202,47.34,-0.224332888175539,1.34777248154219,6.75
IDN,Indonesia,2021-03,2021-03-01,WB_BPS_SECTOR_OS,Sector: Other Services,,,,,2.26,3.32,,,8.26,,61.54,34.4,,,,,,,,,,0.505179116666874,,,0.947312578898202,47.65
IDN,Indonesia,2020-06,2020-06-01,WB_BPS_SECTOR_RET,Sector: Retail,,-50.09,87.1,,8.9,14.07,47.18,7.26,,,9.91,,3.6,,,,,,,,,,50.09,0.13341920889344,,
IDN,Indonesia,2020-10,2020-10-01,WB_BPS_SECTOR_RET,Sector: Retail,,-42.58,74.2,,0.01,4.3,17.94,3.96,,,44.05,,10.905,,,95.88,21.35,87.23,59.82,27.86,58.428,,42.58,-0.544364712614332,,9.91
IND,India,2020-06,2020-06-01,WB_BPS_SECTOR_AGR,Sector: Agriculture,47.37,-36.3,72.97,,63.16,18.42,47.37,44.74,23.8,,,22.66,,,,,,,,,,1.04617656280425,36.3,0.759105990298071,,
IND,India,2020-06,2020-06-01,WB_BPS_SECTOR_MGF,Sector: Manufacturing,55.38,-59.8,90.62,-26.58,58.97,21.75,39.46,43.5,14.69,,,21.3,,,,,,,,,,0.457929676181912,59.8,1.07088985386953,,
IND,India,2021-07,2021-07-01,WB_BPS_SECTOR_MGF,Sector: Manufacturing,49.09,-14.27,54.55,0.78,,48.89,,,11.03,67.79,39.49,22.33,8.6875,32.44,57.61,,,,,,,0.539633130980645,14.27,0.435183915193334,0.457929676181912,
IND,India,2020-06,2020-06-01,WB_BPS_SECTOR_OS,Sector: Other Services,49.55,-48.78,81.86,-16.96,43.3,18.3,34.82,42.41,57.62,,,40.92,,,,,,,,,,3.66451390977103,48.78,0.669553096390106,,
IND,India,2021-07,2021-07-01,WB_BPS_SECTOR_OS,Sector: Other Services,51.09,-17,55.31,-1.51,,50.74,,,11.29,66.91,38.02,22.56,8.8325,34.3,63.9,,,,,,,0.541438409950591,17,0.601538826904472,3.66451390977103,
IND,India,2021-07,2021-07-01,WB_BPS_SECTOR_RET,Sector: Retail,49.22,-16.85,55.15,-0.34,,53.74,,,9.48,59.3,37.22,20.32,8.5625,37.1,74.36,,,,,,,0.3028996010137,16.85,0.776347047817767,,
KEN,Kenya,2020-07,2020-07-01,WB_BPS_SECTOR_AGR,Sector: Agriculture,60.98,-42.71,86.05,-15.57,12.88,23.09,8.56,4.56,9.94,49.14,30.07,13.43,4.574,,,,,,,,,0.0133370996033398,42.71,0.0209886347925027,,
KEN,Kenya,2020-09,2020-09-01,WB_BPS_SECTOR_AGR,Sector: Agriculture,38.08,-22.94,51.07,-2.42,7.56,9.33,2.04,3.14,2.02,84.22,52.63,19.63,3.825,,,83.64,45.77,63.34,40.15,41.17,54.814,0.477133690418315,22.94,-0.829710027644945,0.0133370996033398,30.07
KEN,Kenya,2021-04,2021-04-01,WB_BPS_SECTOR_AGR,Sector: Agriculture,20.47,-20.55,68.9,16.19,10.6,9.43,18.84,16.13,7.21,82.28,69.19,25.95,13.3266666666667,21.14,,,,,,,,0.690668164777138,20.55,-0.547398780114952,0.477133690418315,52.63
KEN,Kenya,2020-07,2020-07-01,WB_BPS_SECTOR_MGF,Sector: Manufacturing,71.09,-54.95,93.1,-16.62,14.11,24.42,20.47,10.08,5.43,40.1,21.22,11.2,4.822,,,,,,,,,-0.354439294304874,54.95,0.401743007615081,,
KEN,Kenya,2020-09,2020-09-01,WB_BPS_SECTOR_MGF,Sector: Manufacturing,45.88,-35.04,77.17,-5.77,6.66,19.25,3.64,2.71,3.61,85.95,38.82,25.97,1.37666666666667,,,75.67,30.65,53.21,36.37,30.43,45.266,0.468373321691344,35.04,-0.361555581397353,-0.354439294304874,21.22
KEN,Kenya,2021-04,2021-04-01,WB_BPS_SECTOR_MGF,Sector: Manufacturing,30.02,-29.28,88.29,10.93,19.94,15.08,17.35,20.64,12.21,75.06,55.38,25.71,8.935,21.68,35.08,,,,,,,0.772864768774481,29.28,-0.160905973324931,0.468373321691344,38.82
KEN,Kenya,2020-07,2020-07-01,WB_BPS_SECTOR_OS,Sector: Other Services,73.26,-61.41,93.69,-21.61,11.74,27.93,12.7,9.11,10.84,43.2,21.34,9.75,4.826,,,,,,,,,-0.123219018431994,61.41,0.43131158751622,,
KEN,Kenya,2020-09,2020-09-01,WB_BPS_SECTOR_OS,Sector: Other Services,52.64,-41.81,75.63,-7.55,7.15,15.81,5.48,4.21,5.01,89.51,42.62,13.12,1.68,,,79.9,30.32,50.96,35.8,33.16,46.028,0.354415898295523,41.81,-0.283969790551153,-0.123219018431994,21.34
KEN,Kenya,2021-04,2021-04-01,WB_BPS_SECTOR_OS,Sector: Other Services,31.11,-31.11,87.25,11.58,15.06,17.94,19.7,18.89,10,73.87,60.01,30.45,10.6475,18.95,,,,,,,,0.770536297882817,31.11,-0.153395734180631,0.354415898295523,42.62
KEN,Kenya,2020-07,2020-07-01,WB_BPS_SECTOR_RET,Sector: Retail,69.45,-58.04,93.95,-18,14.8,22.87,12.05,6.2,9.1,40.92,20.55,7.39,3.462,,,,,,,,,-0.279357482663073,58.04,0.311500304417543,,
KEN,Kenya,2020-09,2020-09-01,WB_BPS_SECTOR_RET,Sector: Retail,53.72,-38.96,75.55,-4.06,1.62,24.8,4.2,2.29,4.91,89.9,39.9,12.33,1.404,,,67.65,21.04,50.91,35.96,29.58,41.028,0.24844388603248,38.96,-0.259944198761872,-0.279357482663073,20.55
KEN,Kenya,2021-04,2021-04-01,WB_BPS_SECTOR_RET,Sector: Retail,36.32,-29.73,87.27,8.93,9.78,13.37,17,21.24,11.96,62.63,57.2,28.47,9.3325,22.78,,,,,,,,0.631632854243779,29.73,-0.186394480943766,0.24844388603248,39.9
KGZ,Kyrgyz Republic,2020-08,2020-08-01,WB_BPS_SECTOR_AGR,Sector: Agriculture,29.76,-14.85,46.18,,8.38,9.5,10.11,5.01,12.15,27.08,12.24,5.43,4.6,,,,,,,,,-0.414589143126627,14.85,-0.906035583690699,,
KGZ,Kyrgyz Republic,2021-06,2021-06-01,WB_BPS_SECTOR_AGR,Sector: Agriculture,18.67,-4.13,36.41,10.56,18.23,14,8.58,3.34,5.97,,11.05,,2.10333333333333,19.69,43.59,,,,,,,,4.13,-0.818383733010103,-0.414589143126627,12.24
KGZ,Kyrgyz Republic,2020-08,2020-08-01,WB_BPS_SECTOR_MGF,Sector: Manufacturing,44.6,-30.79,70.44,,21.78,23.54,31.8,16.74,6.12,55.04,10.58,14,3.15666666666667,,,,,,,,,-0.0350588383040847,30.79,0.0448538384344551,,
KGZ,Kyrgyz Republic,2021-06,2021-06-01,WB_BPS_SECTOR_MGF,Sector: Manufacturing,22.94,-13.11,50.43,14.6,24.94,28.92,15.2,6.52,4.35,,11.14,,2.69,32.95,60.37,,,,,,,,13.11,-0.20285332184906,-0.0350588383040847,10.58
KGZ,Kyrgyz Republic,2020-08,2020-08-01,WB_BPS_SECTOR_OS,Sector: Other Services,48.12,-45.42,79.57,,29.3,24.79,32.61,24.85,3.84,44,15.98,11.01,5.91333333333333,,,,,,,,,-0.361665501007897,45.42,0.40662533625572,,
KGZ,Kyrgyz Republic,2021-06,2021-06-01,WB_BPS_SECTOR_OS,Sector: Other Services,19.86,-21.51,56.77,15.55,24.59,25.09,14.78,10.62,5.96,,10.42,,3.665,34.85,,,,,,,,,21.51,-0.339700768236756,-0.361665501007897,15.98
KGZ,Kyrgyz Republic,2020-08,2020-08-01,WB_BPS_SECTOR_RET,Sector: Retail,51.19,-29.62,72.65,,14.76,19.78,28.41,12.33,9.48,56.26,11.35,16.06,6.075,,,,,,,,,0.162578812237007,29.62,-0.0653744944933358,,
KGZ,Kyrgyz Republic,2021-06,2021-06-01,WB_BPS_SECTOR_RET,Sector: Retail,19.74,-15.79,55.16,15.19,19.26,13.96,11.95,8.18,7.88,,7.66,,2.885,30.94,,,,,,,,,15.79,-0.607951300224971,0.162578812237007,11.35
KHM,Cambodia,2020-06,2020-06-01,WB_BPS_SECTOR_MGF,Sector: Manufacturing,42.57,,,,,,,,9.11,21.74,,5.79,,,,,,,,,,-0.610010761366476,,,,
KHM,Cambodia,2020-09,2020-09-01,WB_BPS_SECTOR_MGF,Sector: Manufacturing,25.37,,,,,,,,,29.74,,5.02,,,,,,,,,,-0.796267276189975,,,-0.610010761366476,
KHM,Cambodia,2021-05,2021-05-01,WB_BPS_SECTOR_MGF,Sector: Manufacturing,29.55,,,,35.43,2.92,20.91,20.27,10.47,46.04,24.59,18.18,6.72666666666667,,,,,,,,,0.0907360668323768,,-0.287769999713447,-0.796267276189975,
KHM,Cambodia,2020-06,2020-06-01,WB_BPS_SECTOR_OS,Sector: Other Services,37.99,,,,,,,,9.43,45.25,,14.44,,,,,,,,,,-0.0448278960152959,,,,
KHM,Cambodia,2020-09,2020-09-01,WB_BPS_SECTOR_OS,Sector: Other Services,22.32,,,,,,,,,58.86,,13.41,,,,,,,,,,0.153715898265028,,,-0.0448278960152959,
KHM,Cambodia,2021-05,2021-05-01,WB_BPS_SECTOR_OS,Sector: Other Services,27.83,,,,37.92,4.92,21.73,21.17,8.8,67.78,26.07,23.14,9.95,,,,,,,,,0.468543382074521,,-0.223904856864742,0.153715898265028,
KHM,Cambodia,2020-06,2020-06-01,WB_BPS_SECTOR_RET,Sector: Retail,34.91,,,,,,,,5.7,49.33,,13.59,,,,,,,,,,-0.148865450829922,,,,
KHM,Cambodia,2020-09,2020-09-01,WB_BPS_SECTOR_RET,Sector: Retail,31.36,,,,,,,,,59.47,,11.78,,,,,,,,,,0.11422296918691,,,-0.148865450829922,
KHM,Cambodia,2021-05,2021-05-01,WB_BPS_SECTOR_RET,Sector: Retail,32.33,,,,35.7,5.56,13.56,22.88,4.85,67.09,6.58,22.68,3.125,,,,,,,,,0.290701105508069,,-0.250709885430392,0.11422296918691,
LBR,Liberia,2020-06,2020-06-01,WB_BPS_SECTOR_MGF,Sector: Manufacturing,,-52.51,93.62,,,,,,,,,,,,,,,,,,,,52.51,,,
LBR,Liberia,2020-06,2020-06-01,WB_BPS_SECTOR_OS,Sector: Other Services,,-45.74,92.31,,,,,,,,1.1,,,,,,,,,,,,45.74,,,
LBR,Liberia,2020-06,2020-06-01,WB_BPS_SECTOR_RET,Sector: Retail,,-41.44,94.58,,,,,,,,1.51,,,,,,,,,,,,41.44,,,
LKA,Sri Lanka,2020-05,2020-05-01,WB_BPS_SECTOR_MGF,Sector: Manufacturing,65.38,-76.82,94.81,,62.82,6.41,26.92,24.36,,,,,,,,,,,,,,,76.82,0.884178907780567,,
LKA,Sri Lanka,2021-06,2021-06-01,WB_BPS_SECTOR_MGF,Sector: Manufacturing,47.86,-55.83,89.6,-14.19,,4.18,,,,22.97,27.44,,6.3125,31.82,23.34,,,,,,,,55.83,0.0570964138079539,,
LKA,Sri Lanka,2020-05,2020-05-01,WB_BPS_SECTOR_OS,Sector: Other Services,67.63,-74.71,92.53,,54.77,3.32,23.65,27.39,,,,,,,,,,,,,,,74.71,0.770736052470727,,
LKA,Sri Lanka,2021-06,2021-06-01,WB_BPS_SECTOR_OS,Sector: Other Services,46.06,-66.55,91.91,-23.61,,3.89,,,,19.41,22.12,,6.98333333333333,21.85,,,,,,,,,66.55,0.30502846244104,,
LKA,Sri Lanka,2020-05,2020-05-01,WB_BPS_SECTOR_RET,Sector: Retail,78.15,-76.93,95.3,,57.62,1.99,31.13,27.81,,,,,,,,,,,,,,,76.93,0.947594778981347,,
LKA,Sri Lanka,2021-06,2021-06-01,WB_BPS_SECTOR_RET,Sector: Retail,43.9,-59.43,93.82,-19.93,,1.1,,,,20.74,16.89,,4.77333333333333,29.15,,,,,,,,,59.43,0.259198146856275,,
MDG,Madagascar,2020-06,2020-06-01,WB_BPS_SECTOR_AGR,Sector: Agriculture,,-45.52,83.08,,,,,,,,1.58,,0.4925,,,,,,,,,,45.52,,,
MDG,Madagascar,2021-01,2021-01-01,WB_BPS_SECTOR_AGR,Sector: Agriculture,,-24.62,67.89,,9.71,1.4,2.34,,,9.74,41.69,,11.255,,,,0.83,,46.21,8.13,18.39,-1.79376146184101,24.62,-0.819965583004383,,1.58
MDG,Madagascar,2020-06,2020-06-01,WB_BPS_SECTOR_MGF,Sector: Manufacturing,,-57.89,96.15,,18.82,27.04,50.68,7.2,1.49,42.73,3.59,,2.82,,,,,,,,,-0.457571925450885,57.89,0.586490930061411,,
MDG,Madagascar,2021-01,2021-01-01,WB_BPS_SECTOR_MGF,Sector: Manufacturing,,-56.08,92.83,,4.17,4.76,17.53,,,21.77,45.84,,10.61,,,99.95,14,,54.46,0.21,42.155,-0.616890851538794,56.08,-0.0718831695786775,-0.457571925450885,3.59
MDG,Madagascar,2020-06,2020-06-01,WB_BPS_SECTOR_OS,Sector: Other Services,,-66.73,97.19,-35.28,9.2,24.86,61.29,18.14,3.34,13.25,15.3,,4.082,,,,,,,,,-1.02955883643727,66.73,0.759931159227611,,
MDG,Madagascar,2021-01,2021-01-01,WB_BPS_SECTOR_OS,Sector: Other Services,,-46.91,83.68,,3.74,4.73,9.97,,,10.61,40.43,,9.6525,,,98.86,6.41,,50.93,1.77,39.4925,-0.975860175399194,46.91,-0.347422145265398,-1.02955883643727,15.3
MDG,Madagascar,2020-06,2020-06-01,WB_BPS_SECTOR_RET,Sector: Retail,,-49.05,90.91,,14.73,5.07,86.15,11.18,2.23,20.28,0.65,,0.125,,,,,,,,,-0.933062678012167,49.05,0.447069777052731,,
MDG,Madagascar,2021-01,2021-01-01,WB_BPS_SECTOR_RET,Sector: Retail,,-37.91,77.54,,1.35,1.55,1.67,,,7.96,32.52,,8.0775,,,,4.05,,58.79,0.21,21.0166666666667,-1.73566321733122,37.91,-0.671463261521319,-0.933062678012167,0.65
MLI,Mali,2020-06,2020-06-01,WB_BPS_SECTOR_OS,Sector: Other Services,,,,9.77,,,,,8.18,,,,,,,,,,,,,,,,,
MWI,Malawi,2020-11,2020-11-01,WB_BPS_SECTOR_MGF,Sector: Manufacturing,34.85,-35.94,88.24,22.83,3.92,9.31,8.82,8.33,3.46,38.75,33.33,20.29,,,,,,,,,,-0.254307014789034,35.94,-0.403561440864493,,
MWI,Malawi,2020-11,2020-11-01,WB_BPS_SECTOR_OS,Sector: Other Services,41.64,-36.69,83.59,23.2,5.52,5.75,3.17,3.4,3.35,43.72,30.28,19.98,,,,,,,,,,-0.188787401594281,36.69,-0.500223375961438,,
MWI,Malawi,2020-11,2020-11-01,WB_BPS_SECTOR_RET,Sector: Retail,35.75,-37.7,87.52,24.2,3.04,4.69,2.28,2.15,0.89,33.83,21.93,15.4,,,,,,,,,,-0.539672195444057,37.7,-0.555237726126871,,
MYS,Malaysia,2020-10,2020-10-01,WB_BPS_SECTOR_AGR,Sector: Agriculture,58.21,-11.16,46.27,,52.24,37.31,68.66,50.75,31.04,46,91.04,35.26,42.535,,,77.61,50.75,68.66,65.67,41.79,60.896,1.27249539131122,11.16,0.790014554628572,,
MYS,Malaysia,2021-07,2021-07-01,WB_BPS_SECTOR_AGR,Sector: Agriculture,65.52,-8.57,37.8,,60.32,48.33,65.04,58.83,39.63,53.72,89.55,32.61,47.71,73.74,38.35,,,,,,,1.68547497301615,8.57,1.05200675393163,1.27249539131122,91.04
MYS,Malaysia,2020-10,2020-10-01,WB_BPS_SECTOR_MGF,Sector: Manufacturing,58.65,-3.73,38.78,,60.26,47.12,71.47,55.45,27.15,54.21,96.47,33.82,52.5625,,,73.86,53.92,69.61,69.61,48.69,63.138,1.2701676504704,3.73,0.924864330540478,,
MYS,Malaysia,2021-07,2021-07-01,WB_BPS_SECTOR_MGF,Sector: Manufacturing,60.38,-11.83,52.84,,68.03,49.15,71.23,58.34,34.63,47.56,94.28,28.44,59.7166666666667,73.73,53.07,,,,,,,1.300111558018,11.83,1.3350771088879,1.2701676504704,96.47
MYS,Malaysia,2020-10,2020-10-01,WB_BPS_SECTOR_OS,Sector: Other Services,61.88,-8.13,36.35,,61.88,44.5,62.77,60.11,31.37,57.79,93.26,39.05,51.3275,,,75.18,58.33,76.27,62.14,50.36,64.456,1.54840843632997,8.13,0.925891951474186,,
MYS,Malaysia,2021-07,2021-07-01,WB_BPS_SECTOR_OS,Sector: Other Services,66.16,-14.6,48.96,,65.34,43.64,65.01,60.55,44.88,55.75,90.46,34.92,55.57,75.62,51.71,,,,,,,1.97626692942167,14.6,1.27463076568286,1.54840843632997,93.26
MYS,Malaysia,2020-10,2020-10-01,WB_BPS_SECTOR_RET,Sector: Retail,58.31,-9.66,40.79,,45.92,32.63,56.19,47.13,25.95,60.08,85.2,36.77,44.26,,,77.51,52.28,75.08,61.4,53.8,64.014,1.36737844188514,9.66,0.509508351219479,,
MYS,Malaysia,2021-07,2021-07-01,WB_BPS_SECTOR_RET,Sector: Retail,65.9,-23.66,60.76,,57.76,35.14,65.53,55.54,38.27,57.14,84.09,35.01,49.5933333333333,73.99,57.8,,,,,,,1.7367817372218,23.66,1.27604020368867,1.36737844188514,85.2
NGA,Nigeria,2020-08,2020-08-01,WB_BPS_SECTOR_AGR,Sector: Agriculture,37.89,-38.39,82.95,18.96,,20.86,51.9,48.28,6.52,27.49,,,2.80666666666667,,,,,,,,,-0.510228713350124,38.39,0.683452321251123,,
NGA,Nigeria,2020-08,2020-08-01,WB_BPS_SECTOR_MGF,Sector: Manufacturing,52.38,-50.21,93.45,13.09,,32.33,51.72,41.38,5.49,43.97,,,7.14,,,,,,,,,-0.190224695743804,50.21,1.09048340430934,,
NGA,Nigeria,2020-08,2020-08-01,WB_BPS_SECTOR_OS,Sector: Other Services,53.37,-49.57,89.15,15.25,,20.49,52.25,42.93,18.78,44,,,4.88,,,,,,,,,0.603369377753704,49.57,0.908355505100765,,
NGA,Nigeria,2020-08,2020-08-01,WB_BPS_SECTOR_RET,Sector: Retail,44.12,-47.34,91.09,17.04,,16.55,52.63,38.22,5.21,23.36,,,7.35,,,,,,,,,-0.683980388982559,47.34,0.72467148210576,,
NPL,Nepal,2020-06,2020-06-01,WB_BPS_SECTOR_AGR,Sector: Agriculture,72.73,-49.35,77.42,,24.24,6.06,30.3,12.12,,,,,,,,,,,,,,,49.35,0.196678868860307,,
NPL,Nepal,2021-06,2021-06-01,WB_BPS_SECTOR_AGR,Sector: Agriculture,67.68,-39.24,71.73,1.55,,5.93,,,11.4,15.38,12.06,,2.41,38.19,,,,,,,,-0.49938598892262,39.24,0.227335151400912,,
NPL,Nepal,2020-06,2020-06-01,WB_BPS_SECTOR_MGF,Sector: Manufacturing,87.1,-64.56,87.1,-23.6,58.06,6.45,24.19,30.65,6.71,12.96,4.84,40,4.035,,,,,,,,,-0.0908194222724403,64.56,0.89001117361558,,
NPL,Nepal,2021-06,2021-06-01,WB_BPS_SECTOR_MGF,Sector: Manufacturing,69.48,-63.46,88.28,-3.43,,8.24,,,8.64,20.78,7.04,,2.225,43.96,43.24,,,,,,,-0.539059985041468,63.46,0.700900938060853,-0.0908194222724403,4.84
NPL,Nepal,2020-06,2020-06-01,WB_BPS_SECTOR_OS,Sector: Other Services,80.72,-69.84,87.35,-29.54,57.23,3.01,27.71,20.48,8.82,21.74,2.41,5.56,1.00333333333333,,,,,,,,,-0.626588580381671,69.84,0.768915424908122,,
NPL,Nepal,2021-06,2021-06-01,WB_BPS_SECTOR_OS,Sector: Other Services,72.46,-74.82,92.17,-14.58,,9.73,,,13.54,35.4,8.74,,4.09,30.33,24.59,,,,,,,0.0916833945221876,74.82,0.535948941513094,-0.626588580381671,2.41
NPL,Nepal,2020-06,2020-06-01,WB_BPS_SECTOR_RET,Sector: Retail,84.77,-62.82,90.04,-29.26,40.33,4.12,30.86,11.93,4.69,18.18,2.06,3.3,2.06,,,,,,,,,-0.895346496566251,62.82,0.588293586059744,,
NPL,Nepal,2021-06,2021-06-01,WB_BPS_SECTOR_RET,Sector: Retail,72.25,-59.27,89.9,-7.86,,4.55,,,6.69,27.69,8.16,,4.37,44.01,35.87,,,,,,,-0.495456968467292,59.27,0.561056203443884,-0.895346496566251,2.06
PAK,Pakistan,2020-07,2020-07-01,WB_BPS_SECTOR_AGR,Sector: Agriculture,51.61,-36,59.38,,17.74,14.52,17.74,6.45,,,6.45,,1.61,,,,,,,,,,36,-0.284596985343326,,
PAK,Pakistan,2021-07,2021-07-01,WB_BPS_SECTOR_AGR,Sector: Agriculture,31.53,-21.96,53.34,8.12,23.27,14.72,8.6,0.55,,,15.1,,9.65,28.5,,,,,,,,,21.96,-0.567539429834966,,6.45
PAK,Pakistan,2020-07,2020-07-01,WB_BPS_SECTOR_MGF,Sector: Manufacturing,59.5,-47.84,79.8,,25.83,18.67,30.83,9.96,,42.86,13.22,21.06,2.685,,,,,,,,,0.0349871509988454,47.84,0.257272197808653,,
PAK,Pakistan,2021-01,2021-01-01,WB_BPS_SECTOR_MGF,Sector: Manufacturing,34.1,-27.83,54.89,,6.1,8.29,24.56,2.68,3.23,73.64,43.43,20.84,10.095,,,,,,,,,0.286993820700447,27.83,-0.661625529452942,0.0349871509988454,13.22
PAK,Pakistan,2021-07,2021-07-01,WB_BPS_SECTOR_MGF,Sector: Manufacturing,37.96,-26.78,61.97,4.16,20.68,18.88,13.38,5.65,2.11,65.26,22.98,,6.98,33.12,,,,,,,,0.100910021863296,26.78,-0.309066414946007,0.286993820700447,43.43
PAK,Pakistan,2020-07,2020-07-01,WB_BPS_SECTOR_OS,Sector: Other Services,53.28,-55.49,79.37,,24.41,16.93,24.75,8.43,,48.69,11.89,34.52,2.11,,,,,,,,,0.612644412137036,55.49,0.178255344956084,,
PAK,Pakistan,2021-01,2021-01-01,WB_BPS_SECTOR_OS,Sector: Other Services,48.54,-36.2,73.39,6.33,16.04,13.38,9.99,3.75,8.62,58.65,18.64,21.89,3.50666666666667,,,,,,,,,0.293089483838187,36.2,-0.305104709432394,0.612644412137036,11.89
PAK,Pakistan,2021-07,2021-07-01,WB_BPS_SECTOR_OS,Sector: Other Services,39.98,-39.06,70.33,10,17.66,15.95,12.09,5.68,8.75,61.48,20.06,,3.92333333333333,28.64,51.03,,,,,,,0.409567573738824,39.06,-0.126088941564444,0.293089483838187,18.64
PAK,Pakistan,2020-07,2020-07-01,WB_BPS_SECTOR_RET,Sector: Retail,52.73,-50.74,80.33,,14.55,12.2,28.48,6.67,,38.78,9.09,,3.635,,,,,,,,,,50.74,0.020146646526562,,
PAK,Pakistan,2021-01,2021-01-01,WB_BPS_SECTOR_RET,Sector: Retail,48.43,-28.35,66.16,,2.61,8.71,6.01,,,,16.79,,4.505,,,,,,,,,,28.35,-0.554459585097456,,9.09
PAK,Pakistan,2021-07,2021-07-01,WB_BPS_SECTOR_RET,Sector: Retail,29.25,-32.86,72.87,4.33,12.96,17.84,19.7,8.23,,,24.24,,3.79666666666667,14.33,,,,,,,,,32.86,-0.382323791154502,,16.79
PHL,Philippines,2020-07,2020-07-01,WB_BPS_SECTOR_AGR,Sector: Agriculture,,-50.93,89.12,,,,,,13.76,17.12,21.41,,4.8975,,,,,,,,,-0.318310136862572,50.93,,,
PHL,Philippines,2020-12,2020-12-01,WB_BPS_SECTOR_AGR,Sector: Agriculture,73.66,-53.49,86.48,,33.94,47.79,48.16,38.5,,53.9,17.06,,1.324,,,,,,,,,,53.49,1.25611286706383,-0.318310136862572,21.41
PHL,Philippines,2021-05,2021-05-01,WB_BPS_SECTOR_AGR,Sector: Agriculture,64.69,-38.91,87.37,,28.5,32.92,20.8,34.92,,41.4,12.95,,,49.79,,,,,,,,,38.91,0.70790193372945,,17.06
PHL,Philippines,2020-07,2020-07-01,WB_BPS_SECTOR_MGF,Sector: Manufacturing,,-58.4,91.71,,,,,,10.7,24.15,27.51,,7.0625,,,,,,,,,-0.3381536601399,58.4,,,
PHL,Philippines,2020-12,2020-12-01,WB_BPS_SECTOR_MGF,Sector: Manufacturing,76.6,-58.79,88.28,,42.73,45.93,62.6,40.96,,53.13,14.9,,1.838,,,,,,,,,,58.79,1.50282702836944,-0.3381536601399,27.51
PHL,Philippines,2021-05,2021-05-01,WB_BPS_SECTOR_MGF,Sector: Manufacturing,85.01,-59.54,92.02,-9.86,39.37,42.54,52.96,41.14,9.13,64.62,24.69,,,54.62,,,,,,,,0.504919080493206,59.54,1.46324497662981,,14.9
PHL,Philippines,2020-07,2020-07-01,WB_BPS_SECTOR_OS,Sector: Other Services,,-61.22,92.92,,,,,,14.5,27.5,23.38,,5.95,,,,,,,,,-0.033899473443963,61.22,,,
PHL,Philippines,2020-12,2020-12-01,WB_BPS_SECTOR_OS,Sector: Other Services,78.87,-58.38,89.69,,41.18,46.09,54.73,43.16,,54.23,17.1,,2.358,,,,,,,,,,58.38,1.48134621693762,-0.033899473443963,23.38
PHL,Philippines,2021-05,2021-05-01,WB_BPS_SECTOR_OS,Sector: Other Services,79.76,-58.35,91.03,-6.01,37.6,35.16,42.04,36.94,14.31,63.68,25.48,,,54.6,,,,,,,,0.79220724205612,58.35,1.22365135100253,,17.1
PHL,Philippines,2020-07,2020-07-01,WB_BPS_SECTOR_RET,Sector: Retail,,-55.16,92.66,,,,,,13.59,28.04,24.97,,6.1825,,,,,,,,,-0.0756921849529463,55.16,,,
PHL,Philippines,2020-12,2020-12-01,WB_BPS_SECTOR_RET,Sector: Retail,78.61,-48.68,84.91,,35.16,34.33,43.48,33.51,,57.49,15.8,,2.016,,,,,,,,,,48.68,1.01047441859912,-0.0756921849529463,24.97
PHL,Philippines,2021-05,2021-05-01,WB_BPS_SECTOR_RET,Sector: Retail,73.64,-48.9,87.9,-0.58,30.26,33.05,31.93,30.85,4.55,59.03,19.92,,,63.18,,,,,,,,0.102280736870333,48.9,0.974454199236713,,15.8
POL,Poland,2020-06,2020-06-01,WB_BPS_SECTOR_MGF,Sector: Manufacturing,26.35,-21.91,69.25,-10.53,53.68,25.97,23.56,17.71,2.88,29.25,62.37,9.74,21.34,,,,,,,,,-0.655304288830639,21.91,0.0688936925061939,,
POL,Poland,2020-09,2020-09-01,WB_BPS_SECTOR_MGF,Sector: Manufacturing,15.55,-8.03,44.89,,48.95,28.13,3.13,3.46,1.45,32.74,76.61,11.35,28.364,,,98.68,39.82,71.37,42.63,21.19,54.738,-0.273267434716521,8.03,-0.587325672648257,-0.655304288830639,62.37
POL,Poland,2021-02,2021-02-01,WB_BPS_SECTOR_MGF,Sector: Manufacturing,11.47,-3.81,43.37,3.77,51.15,22.39,1.98,0.61,2.07,40.82,77.48,11.11,6.78,8.97,,,,,,,,-0.478943888123632,3.81,-0.780051130003084,-0.273267434716521,76.61
POL,Poland,2020-06,2020-06-01,WB_BPS_SECTOR_OS,Sector: Other Services,25.27,-32.4,70.03,-11.28,37.04,14.26,20.23,14.26,11.95,37.76,68.87,13.62,23.346,,,,,,,,,-0.078155665223851,32.4,-0.181686443464438,,
POL,Poland,2020-09,2020-09-01,WB_BPS_SECTOR_OS,Sector: Other Services,18.36,-16.51,52.78,,31.71,13.48,5.44,2.46,6.88,36.91,85.06,12.71,31.634,,,92.68,36.52,71.84,36.75,25.16,52.59,-0.0812620977017478,16.51,-0.749013623772071,-0.078155665223851,68.87
POL,Poland,2021-02,2021-02-01,WB_BPS_SECTOR_OS,Sector: Other Services,20.51,-22.71,59.54,-1.62,33.34,12.17,9.94,3.52,10.82,45.12,87.93,11.98,12.58,5.01,,,,,,,,-0.0454889610075819,22.71,-0.674705621987047,-0.0812620977017478,85.06
POL,Poland,2020-06,2020-06-01,WB_BPS_SECTOR_RET,Sector: Retail,25,-21.94,71.15,-11.3,42.46,14.42,21.98,17.13,6.61,38.24,65.55,12.12,20.73,,,,,,,,,-0.316034262020011,21.94,-0.171324853801636,,
POL,Poland,2020-09,2020-09-01,WB_BPS_SECTOR_RET,Sector: Retail,19.56,-8.83,44.54,,36.23,22.02,5.43,1,7.37,43.08,82.73,11.48,26.816,,,96.02,31.93,82.71,49.59,42.61,60.572,0.135410784271913,8.83,-0.736087183427857,-0.316034262020011,65.55
POL,Poland,2021-02,2021-02-01,WB_BPS_SECTOR_RET,Sector: Retail,15.04,-7.39,48.73,4.38,41.05,19.94,2.48,0.92,10.36,50.32,83.16,10.03,4.53666666666667,7.14,,,,,,,,-0.0263020221288018,7.39,-0.800473973389223,0.135410784271913,82.73
PRY,Paraguay,2021-07,2021-07-01,WB_BPS_SECTOR_MGF,Sector: Manufacturing,13.89,-21.85,63.51,23.6,13.89,5.56,16.67,13.89,1.98,61.7,27.03,37.3,4.39,22.54,,,,,,,,0.413953319106664,21.85,-0.656509707752671,,
PRY,Paraguay,2021-07,2021-07-01,WB_BPS_SECTOR_OS,Sector: Other Services,10.47,-30.89,66.67,27.24,15.71,8.38,17.28,10.99,6.33,65,18.18,36.1,5.0525,12.57,48.48,,,,,,,0.611580930331113,30.89,-0.495550968650942,,
PRY,Paraguay,2021-07,2021-07-01,WB_BPS_SECTOR_RET,Sector: Retail,4.84,-24.75,69.84,23.46,6.5,4.84,13.01,7.32,1.93,48.21,23.81,37.57,5.3575,23.39,,,,,,,,0.20972029753571,24.75,-0.78055620882669,,
PSE,West Bank and Gaza,2020-08,2020-08-01,WB_BPS_SECTOR_MGF,Sector: Manufacturing,,-44.36,83.91,,14.23,19.38,3.75,16.52,2.25,8.4,,,,,,,,,,,,-1.20685052945487,44.36,-0.0791022294767793,,
PSE,West Bank and Gaza,2021-07,2021-07-01,WB_BPS_SECTOR_MGF,Sector: Manufacturing,,,,,,,,,,34.4,,,,,,,,,,,,,,,-1.20685052945487,
PSE,West Bank and Gaza,2020-08,2020-08-01,WB_BPS_SECTOR_OS,Sector: Other Services,,-41.7,78.12,,10.55,14.3,2.8,5.82,18.6,26.64,,,,,,,,,,,,0.19080612730573,41.7,-0.383115720274481,,
PSE,West Bank and Gaza,2021-07,2021-07-01,WB_BPS_SECTOR_OS,Sector: Other Services,,,,,,,,,,43.51,,,,,,,,,,,,,,,0.19080612730573,
PSE,West Bank and Gaza,2020-08,2020-08-01,WB_BPS_SECTOR_RET,Sector: Retail,,-43.55,85,,9.07,11.64,4.04,8.52,8.71,21.83,,,,,,,,,,,,-0.510579805534932,43.55,-0.317431022442466,,
PSE,West Bank and Gaza,2021-07,2021-07-01,WB_BPS_SECTOR_RET,Sector: Retail,,,,,,,,,,43.54,,,,,,,,,,,,,,,-0.510579805534932,
ROU,Romania,2020-06,2020-06-01,WB_BPS_SECTOR_MGF,Sector: Manufacturing,38.55,-22.78,59.09,2.71,16.02,7.73,19.89,22.1,3.09,39.64,39.23,9.02,13.535,,,,,,,,,-0.50241090148251,22.78,-0.418176438267727,,
ROU,Romania,2020-11,2020-11-01,WB_BPS_SECTOR_MGF,Sector: Manufacturing,29.38,-11.07,31.59,3.57,29.36,17.11,7.86,14.15,5.09,84.19,58.8,17.61,7.938,,,94.99,32.66,48.26,41.85,11.97,45.946,0.367522834420135,11.07,-0.722380015438585,-0.50241090148251,39.23
ROU,Romania,2021-05,2021-05-01,WB_BPS_SECTOR_MGF,Sector: Manufacturing,11.46,-7.66,35.67,13.4,36.21,10.77,21.57,11.98,0.36,75.25,59.81,14.53,15.495,4.8,17.99,,,,,,,0.0593242243439073,7.66,-0.923437323635529,0.367522834420135,58.8
ROU,Romania,2020-06,2020-06-01,WB_BPS_SECTOR_OS,Sector: Other Services,44.42,-38.18,70.17,5.75,19.08,11.31,27.74,31.8,6.4,40.14,37.28,11.18,8.25,,,,,,,,,-0.315679576825313,38.18,0.0385855373396116,,
ROU,Romania,2020-11,2020-11-01,WB_BPS_SECTOR_OS,Sector: Other Services,41.85,-25.26,57.94,0.73,20.64,16.07,22.22,17.44,7.32,67.63,47.15,18.16,6.552,,,91.34,31.67,53.13,41.7,21.06,47.78,0.286103292947567,25.26,-0.273175390300854,-0.315679576825313,37.28
ROU,Romania,2021-05,2021-05-01,WB_BPS_SECTOR_OS,Sector: Other Services,22.36,-20.8,55.3,13.24,21.18,19.13,19.28,14.26,5.89,70.49,46.7,14.81,7.175,5.48,10.48,,,,,,,0.211963744778487,20.8,-0.733604064510721,0.286103292947567,47.15
ROU,Romania,2020-06,2020-06-01,WB_BPS_SECTOR_RET,Sector: Retail,32.11,-31.68,66.67,12.88,16.85,6.74,20.22,33.15,6.74,36.61,37.64,7.79,8.428,,,,,,,,,-0.430961549411247,31.68,-0.240005899822725,,
ROU,Romania,2020-11,2020-11-01,WB_BPS_SECTOR_RET,Sector: Retail,33.25,-19.97,57.09,5.01,26.23,11.02,23.21,18.84,3.85,70.5,37.97,9.43,4.166,,,94.02,21.01,60.86,58.1,18.49,50.496,0.123575050206002,19.97,-0.379184633760647,-0.430961549411247,37.64
ROU,Romania,2021-05,2021-05-01,WB_BPS_SECTOR_RET,Sector: Retail,16.58,-15.79,58.67,15.66,29.56,13.52,16.04,11.77,6.2,75.08,40.51,17.36,3.8025,4.61,,,,,,,,0.351036919878626,15.79,-0.661782820563902,0.123575050206002,37.97
SDN,Sudan,2020-07,2020-07-01,WB_BPS_SECTOR_OS,Sector: Other Services,56.56,-57.36,79.66,,,4.82,12.05,9.64,,6.85,,,,,,,,,,,,,57.36,0.00944494264089198,,
SDN,Sudan,2020-07,2020-07-01,WB_BPS_SECTOR_RET,Sector: Retail,59.03,-43.53,79.32,,,7.58,1.14,4.92,,,,,,,,,,,,,,,43.53,-0.197395786317345,,
SEN,Senegal,2020-05,2020-05-01,WB_BPS_SECTOR_AGR,Sector: Agriculture,39.52,-55.8,83.16,-14.46,5.29,3.2,38.09,11.56,1.79,5.41,0.35,,,,,,,,,,,-1.30350296290777,55.8,-0.0843169168333798,,
SEN,Senegal,2020-12,2020-12-01,WB_BPS_SECTOR_AGR,Sector: Agriculture,60.93,-20.9,54,23.9,3.78,8.21,5.4,2.53,1.61,11.1,10.19,6.19,0.465,,,88.17,17.45,0.27,,,35.2966666666667,-0.971281359000339,20.9,-0.683658576700923,-1.30350296290777,0.35
SEN,Senegal,2020-05,2020-05-01,WB_BPS_SECTOR_MGF,Sector: Manufacturing,75.12,-53.86,93.41,2.39,29.34,8.02,68.52,24.57,1.92,28.12,0.35,5.67,0.153333333333333,,,,,,,,,-0.800168883956759,53.86,0.818592916285628,,
SEN,Senegal,2020-12,2020-12-01,WB_BPS_SECTOR_MGF,Sector: Manufacturing,69.71,-41.29,82.27,10.73,14.42,14.34,18.97,10.77,0.87,50.84,12.43,12.2,1.38,,,74.27,14.32,9.75,,,32.78,-0.482166883474893,41.29,0.0809411682296473,-0.800168883956759,0.35
SEN,Senegal,2020-05,2020-05-01,WB_BPS_SECTOR_OS,Sector: Other Services,73.99,-56.89,88.85,-12.4,37.34,13.18,71.8,22.79,6,31.18,1.85,6.97,0.19,,,,,,,,,-0.562165437949443,56.89,0.931261693387004,,
SEN,Senegal,2020-12,2020-12-01,WB_BPS_SECTOR_OS,Sector: Other Services,53.44,-37,74.42,12.15,11.27,11.95,16.67,6.33,1.87,37.73,19.82,10.23,2.796,,,82.78,29.72,0.92,2.65,1.43,23.5,-0.811871132195494,37,-0.239979557932027,-0.562165437949443,1.85
SEN,Senegal,2020-05,2020-05-01,WB_BPS_SECTOR_RET,Sector: Retail,67.78,-45.83,88.09,-12.69,38.75,7.99,79.34,23.07,6.23,26.47,4.68,9.38,1.445,,,,,,,,,-0.572852673303917,45.83,0.800233904678928,,
SEN,Senegal,2020-12,2020-12-01,WB_BPS_SECTOR_RET,Sector: Retail,47.77,-30.26,72.94,17.89,11.84,10.61,8.79,1.9,0.9,43.39,9.01,8.11,2.51,,,84.08,18.75,3.32,1.13,0.67,21.59,-0.846269646391824,30.26,-0.451718679020754,-0.572852673303917,4.68
SLE,Sierra Leone,2020-10,2020-10-01,WB_BPS_SECTOR_OS,Sector: Other Services,44.4,-38.99,91.27,,29.46,16.02,31.01,25.58,,47.37,7.25,,,,,,,,,,,,38.99,0.31037087795184,,
SLE,Sierra Leone,2021-03,2021-03-01,WB_BPS_SECTOR_OS,Sector: Other Services,46.08,-39.01,82.46,,8.36,8.72,25.03,12.99,,,8.84,,1.468,,,59.69,4.91,73.38,19.08,1.36,31.684,,39.01,-0.158140800299557,,7.25
SLE,Sierra Leone,2020-10,2020-10-01,WB_BPS_SECTOR_RET,Sector: Retail,58.08,-35.48,89.94,,16.77,11.98,16.77,13.25,,,2.35,,,,,,,,,,,,35.48,0.00863511303385505,,
SLE,Sierra Leone,2021-03,2021-03-01,WB_BPS_SECTOR_RET,Sector: Retail,61.58,-36.23,87.1,,4.14,7.61,14.64,7.15,,,4.8,,2.34,,,61.41,3.52,71.2,13.61,1.06,30.16,,36.23,-0.206172468555022,,2.35
TGO,Togo,2020-06,2020-06-01,WB_BPS_SECTOR_OS,Sector: Other Services,,-45.83,96.06,,63.68,0.85,74.61,52.33,,46.7,8.19,6.43,2.04,,,,,,,,,-0.357325387275899,45.83,1.20386320651854,,
TJK,Tajikistan,2020-08,2020-08-01,WB_BPS_SECTOR_AGR,Sector: Agriculture,25.36,-17.75,43.18,,10.74,3.82,5.37,2.73,1.84,12.96,18.07,2.26,3.0925,,,,,,,,,-1.11205754831099,17.75,-1.04318382313028,,
TJK,Tajikistan,2021-06,2021-06-01,WB_BPS_SECTOR_AGR,Sector: Agriculture,23.93,-8,39.06,1.87,35.81,10.55,3.15,2.97,6.61,,24.04,,6.86333333333333,5.51,33.37,,,,,,,,8,-0.874194377190217,-1.11205754831099,18.07
TJK,Tajikistan,2020-08,2020-08-01,WB_BPS_SECTOR_MGF,Sector: Manufacturing,20.41,-19.86,56.28,,14.44,5.97,6.81,4.8,1.81,22.98,20.58,5.46,2.092,,,,,,,,,-0.888464321361259,19.86,-0.87826123045303,,
TJK,Tajikistan,2021-06,2021-06-01,WB_BPS_SECTOR_MGF,Sector: Manufacturing,19.21,-15.59,48.96,7.87,43.37,13.54,4.29,4.57,1.39,,19.34,,4.44666666666667,10.37,38.15,,,,,,,,15.59,-0.636989315633737,-0.888464321361259,20.58
TJK,Tajikistan,2020-08,2020-08-01,WB_BPS_SECTOR_OS,Sector: Other Services,21.62,-33.61,70.76,,22.36,13.06,10.13,7.57,5.98,29.57,37.69,7.68,3.43,,,,,,,,,-0.572236486426447,33.61,-0.45663712796817,,
TJK,Tajikistan,2021-06,2021-06-01,WB_BPS_SECTOR_OS,Sector: Other Services,24.06,-21.91,56.1,6.99,43.54,23.2,11.71,8.06,4,,23.54,,2.5725,8.73,,,,,,,,,21.91,-0.420327780451986,-0.572236486426447,37.69
TJK,Tajikistan,2020-08,2020-08-01,WB_BPS_SECTOR_RET,Sector: Retail,32,-28.15,71.4,,16.43,7.94,10.68,5.09,2.78,35.6,14.18,5.14,1.99,,,,,,,,,-0.662160358442817,28.15,-0.546572432269203,,
TJK,Tajikistan,2021-06,2021-06-01,WB_BPS_SECTOR_RET,Sector: Retail,24.41,-15.05,49,6.73,32.38,15.53,8.16,5.21,3,,11.4,,1.50333333333333,10.49,40.34,,,,,,,,15.05,-0.615518790672519,-0.662160358442817,14.18
TUN,Tunisia,2020-06,2020-06-01,WB_BPS_SECTOR_MGF,Sector: Manufacturing,,-69.19,89.37,,45.25,7.22,12.2,16.15,8.55,18.62,14.31,1.51,3.4975,,,,,,,,,-0.774278159837619,69.19,0.369911389681284,,
TUN,Tunisia,2020-09,2020-09-01,WB_BPS_SECTOR_MGF,Sector: Manufacturing,,-49.66,86.68,,29.19,15.1,32.43,13.56,,,25.98,,3.996,,,,,,,,,,49.66,0.274007935026489,-0.774278159837619,14.31
TUN,Tunisia,2020-06,2020-06-01,WB_BPS_SECTOR_OS,Sector: Other Services,,-70.4,88.8,,37.79,8.56,10.89,14.86,35.85,20.44,9.92,4,1.888,,,,,,,,,0.394242414559522,70.4,0.301147324144692,,
TUN,Tunisia,2020-09,2020-09-01,WB_BPS_SECTOR_OS,Sector: Other Services,,-48.49,84.58,,23.95,13.4,32.6,12.02,,,26.3,,4.46,,,,,,,,,,48.49,0.157365602132124,0.394242414559522,9.92
TUN,Tunisia,2020-06,2020-06-01,WB_BPS_SECTOR_RET,Sector: Retail,,-66.65,89.47,,39.84,7.12,13.58,11.44,16.68,19.94,8.05,4.48,1.558,,,,,,,,,-0.365420359804358,66.65,0.257546488726232,,
TUN,Tunisia,2020-09,2020-09-01,WB_BPS_SECTOR_RET,Sector: Retail,,-48.81,87.31,,24.66,12.62,24.71,10.52,,,14.75,,1.882,,,,,,,,,,48.81,0.0990018875286239,-0.365420359804358,8.05
TUR,Turkiye,2020-06,2020-06-01,WB_BPS_SECTOR_AGR,Sector: Agriculture,31.11,-29.07,59.3,,43.94,27.59,30.91,12.28,4.91,40,29.21,,7.046,,,,,,,,,-0.316720118582155,29.07,0.0263090496225163,,
TUR,Turkiye,2021-03,2021-03-01,WB_BPS_SECTOR_AGR,Sector: Agriculture,19.98,-29.82,65,,11.07,6.01,12.17,1.71,3.03,27.45,26.9,4.67,5.58,,,54.3,51.42,29.05,41.41,17.71,38.778,-0.698891286032607,29.82,-0.755718119772688,-0.316720118582155,29.21
TUR,Turkiye,2021-12,2021-12-01,WB_BPS_SECTOR_AGR,Sector: Agriculture,84.22,-9.03,30.99,6.57,68.14,10.67,7.32,5.77,0.99,,29.23,,2.1475,20.14,32.46,,,,,,,,9.03,-0.254613486636876,-0.698891286032607,26.9
TUR,Turkiye,2020-06,2020-06-01,WB_BPS_SECTOR_MGF,Sector: Manufacturing,40.66,-39.43,77.14,-19.31,70.07,29.58,45.38,22.04,5.96,42.39,41.94,8.09,13.194,,,,,,,,,-0.366215871055336,39.43,0.732900414985937,,
TUR,Turkiye,2021-03,2021-03-01,WB_BPS_SECTOR_MGF,Sector: Manufacturing,24.25,-14.03,48.2,,31.68,22.96,9.61,2.07,2.99,48.38,56.52,6.23,14.32,,,83.56,42.24,53.89,71.51,35.99,57.438,-0.0794873570039702,14.03,-0.619907467360692,-0.366215871055336,41.94
TUR,Turkiye,2021-12,2021-12-01,WB_BPS_SECTOR_MGF,Sector: Manufacturing,65.18,-2.22,35.15,8.78,48.57,20.95,10.65,4.59,2.38,90.6,68.19,,4.0475,43.16,22.29,,,,,,,0.703552308708394,2.22,-0.333586391043884,-0.0794873570039702,56.52
TUR,Turkiye,2020-06,2020-06-01,WB_BPS_SECTOR_OS,Sector: Other Services,45.97,-44.76,79.67,-16.51,49.91,25.51,55.9,27.77,15.59,48.84,35.48,17.7,9.718,,,,,,,,,0.327062011572355,44.76,0.749504268759248,,
TUR,Turkiye,2021-03,2021-03-01,WB_BPS_SECTOR_OS,Sector: Other Services,39.46,-36.66,72.56,,24.99,13.38,23.68,6.08,7.66,37.61,41.24,7.73,10.252,,,79.09,40.34,56.12,66.78,40.26,56.518,-0.0575439442144994,36.66,-0.184669410073851,0.327062011572355,35.48
TUR,Turkiye,2021-12,2021-12-01,WB_BPS_SECTOR_OS,Sector: Other Services,59.72,-22.06,60.37,10.36,37.31,20.32,20.13,8.28,3.32,78.94,47.58,,5.5425,36.96,35.08,,,,,,,0.48974516468188,22.06,-0.0283880858932203,-0.0575439442144994,41.24
TUR,Turkiye,2020-06,2020-06-01,WB_BPS_SECTOR_RET,Sector: Retail,22.99,-31.42,71.43,-15.95,48.92,18.6,60.16,20,5.51,56.67,33.53,19.89,11.244,,,,,,,,,0.0949834476812947,31.42,0.285946372603237,,
TUR,Turkiye,2021-03,2021-03-01,WB_BPS_SECTOR_RET,Sector: Retail,34.45,-30.47,72.88,,15.34,10.58,25.29,3.96,3.53,50.98,39.73,10.39,9.496,,,80.56,32.86,68.01,66.26,44.47,58.432,0.0539137165243472,30.47,-0.383984811971167,0.0949834476812947,33.53
TUR,Turkiye,2021-12,2021-12-01,WB_BPS_SECTOR_RET,Sector: Retail,58.36,-15.38,50.9,9.8,34,14.02,17.85,3.36,1.69,87.2,54.6,,6.87,54.1,25.77,,,,,,,0.583687671210681,15.38,-0.230899445796986,0.0539137165243472,39.73
TZA,Tanzania,2020-06,2020-06-01,WB_BPS_SECTOR_AGR,Sector: Agriculture,38.78,-23.55,68.88,,,15.23,6.6,6.6,,7.69,,,,,,,,,,,,,23.55,-0.467214248490864,,
TZA,Tanzania,2020-12,2020-12-01,WB_BPS_SECTOR_AGR,Sector: Agriculture,29.13,-22.36,58.29,8.55,3.33,11.75,1.38,1.92,0.77,8.15,50.71,1.46,4.64,,,68.28,2.03,25.66,17.83,0.44,22.848,-1.34357365259768,22.36,-0.863533989189112,,
TZA,Tanzania,2020-06,2020-06-01,WB_BPS_SECTOR_MGF,Sector: Manufacturing,52.7,-39.32,85.14,7.97,,21.62,16.67,10.36,2.61,21.48,,,3.544,,,,,,,,,-0.882615488863664,39.32,0.148608963532433,,
TZA,Tanzania,2020-12,2020-12-01,WB_BPS_SECTOR_MGF,Sector: Manufacturing,30.78,-32.42,73.12,9.33,4.74,11.53,2.08,1.92,1.84,19.96,58.58,3.25,5.55,,,69.17,1.03,28.15,18.1,,29.1125,-1.02712466063388,32.42,-0.648340874736599,-0.882615488863664,
TZA,Tanzania,2020-06,2020-06-01,WB_BPS_SECTOR_OS,Sector: Other Services,49.28,-42.76,87.98,1.89,,22.61,16.81,17.97,4.84,23.64,,,3.125,,,,,,,,,-0.69957406228766,42.76,0.272840560705759,,
TZA,Tanzania,2020-12,2020-12-01,WB_BPS_SECTOR_OS,Sector: Other Services,30.86,-27.42,67.96,10.06,5.66,9.14,3.51,2.6,2.11,24.47,59.7,6.32,6.476,,,79.97,0.92,14.23,12.32,0.27,21.542,-1.05948567449013,27.42,-0.730646042564075,-0.69957406228766,
TZA,Tanzania,2020-06,2020-06-01,WB_BPS_SECTOR_RET,Sector: Retail,44.39,-33.71,79.34,8.87,,7.94,11.21,13.08,0.72,17.95,,,3.70666666666667,,,,,,,,,-1.0770828288505,33.71,-0.231990343617585,,
TZA,Tanzania,2020-12,2020-12-01,WB_BPS_SECTOR_RET,Sector: Retail,32.57,-21.28,59.9,8.54,4.93,11.23,5.57,3.48,,37.83,48.8,,6.24,,,63.15,2.32,27.98,19.19,1.15,22.758,-0.978445838075266,21.28,-0.78444510759996,-1.0770828288505,
UZB,Uzbekistan,2020-09,2020-09-01,WB_BPS_SECTOR_AGR,Sector: Agriculture,51.85,-7.93,33.98,,11.33,9.54,7.33,5.15,12.67,59.88,46.14,18.89,13.712,,,,,,,,,0.407373375008318,7.93,-0.887227499073459,,
UZB,Uzbekistan,2021-06,2021-06-01,WB_BPS_SECTOR_AGR,Sector: Agriculture,29.64,3.48,34.29,17.18,34.38,15.52,10.88,10.11,8.99,,28.68,67.22,4.82,19.49,19.63,,,,,,,1.62821449856369,-3.48,-0.832854939821323,0.407373375008318,46.14
UZB,Uzbekistan,2020-09,2020-09-01,WB_BPS_SECTOR_MGF,Sector: Manufacturing,40.42,-19.97,49.13,,18.21,14.27,4.49,6.71,3.55,49.02,46.14,16.58,14.1925,,,,,,,,,-0.173600986011235,19.97,-0.656044094836497,,
UZB,Uzbekistan,2021-06,2021-06-01,WB_BPS_SECTOR_MGF,Sector: Manufacturing,21.15,-17.18,50.45,19.22,33.7,23.9,13.18,7.92,5,,25.05,69.67,5.84,19.43,40.19,,,,,,,1.47074855825097,17.18,-0.425970470491813,-0.173600986011235,46.14
UZB,Uzbekistan,2020-09,2020-09-01,WB_BPS_SECTOR_OS,Sector: Other Services,32.84,-20.34,47.08,,19.95,15.1,10.19,9.09,14.31,47.36,27.14,24.54,5.89,,,,,,,,,0.403295990808379,20.34,-0.637538906842963,,
UZB,Uzbekistan,2021-06,2021-06-01,WB_BPS_SECTOR_OS,Sector: Other Services,17.93,-10.31,46.3,16.57,29.04,21.22,9.53,9.61,8,,23.88,66.7,5.355,19.34,42.99,,,,,,,1.5520464177498,10.31,-0.549337183073875,0.403295990808379,27.14
UZB,Uzbekistan,2020-09,2020-09-01,WB_BPS_SECTOR_RET,Sector: Retail,21.31,-7.57,31.87,,10.37,10.08,5.82,3.63,7.87,49.76,39.13,19,8.978,,,,,,,,,0.0627068866216293,7.57,-1.15185601794454,,
UZB,Uzbekistan,2021-06,2021-06-01,WB_BPS_SECTOR_RET,Sector: Retail,17.71,-2.52,40.73,12.59,26.09,18.38,9.99,7.09,6.61,,23.26,57.44,4.8675,24.74,42.23,,,,,,,1.16454645803375,2.52,-0.663954023935718,0.0627068866216293,39.13
VNM,Viet Nam,2020-06,2020-06-01,WB_BPS_SECTOR_AGR,Sector: Agriculture,75.36,-41.45,88.36,-15.41,6.45,3.74,30.73,3.74,4.08,20.45,10.28,6.32,3.77,,,,,,,,,-0.818359791131818,41.45,-0.00418490426872902,,
VNM,Viet Nam,2020-10,2020-10-01,WB_BPS_SECTOR_AGR,Sector: Agriculture,64.94,-10.98,43.93,-22.37,4.53,3.57,9.06,5.99,0.55,32.94,33.84,1.22,6.58,,,94.31,31.4,59.15,33.16,37.39,51.082,-0.533499440677796,10.98,-0.799905312486217,-0.818359791131818,10.28
VNM,Viet Nam,2021-01,2021-01-01,WB_BPS_SECTOR_AGR,Sector: Agriculture,69.71,-16.06,70.22,-16.19,,29.53,0.66,29.05,2.01,26.32,65.99,94.9,18.22,31.22,,,,,,,,1.13221080916374,16.06,0.141876229651352,-0.533499440677796,33.84
VNM,Viet Nam,2020-06,2020-06-01,WB_BPS_SECTOR_MGF,Sector: Manufacturing,48.88,-35.88,85.3,-30.16,21.74,14.71,20.23,16.42,10.3,39.5,20.37,2.72,5.804,,,,,,,,,-0.355941097666541,35.88,0.0360039336184975,,
VNM,Viet Nam,2020-10,2020-10-01,WB_BPS_SECTOR_MGF,Sector: Manufacturing,35.78,-30.68,68.7,-34.09,5.7,9.48,17.38,8.54,9.32,58.18,34.48,2.17,8.385,,,96.55,24.8,53.22,18.69,24.71,43.594,-0.105690596500014,30.68,-0.507673283645107,-0.355941097666541,20.37
VNM,Viet Nam,2021-01,2021-01-01,WB_BPS_SECTOR_MGF,Sector: Manufacturing,38.56,-12.33,48.91,-21.96,7.4,8.14,5.15,5.81,6.39,65.29,46.04,4.31,12.9566666666667,8.47,,,,,,,,-0.0786275134668287,12.33,-0.910896051948945,-0.105690596500014,34.48
VNM,Viet Nam,2020-06,2020-06-01,WB_BPS_SECTOR_OS,Sector: Other Services,60.62,-40.71,83.04,-31.52,28.45,22.04,21,22.18,15.2,54.95,20.25,1.67,6.2375,,,,,,,,,0.0543385502972172,40.71,0.340712253106102,,
VNM,Viet Nam,2020-10,2020-10-01,WB_BPS_SECTOR_OS,Sector: Other Services,58.24,-35.6,73.25,-35.34,11.82,9.88,9.96,18.72,7.5,77.31,32.95,3.43,7.17,,,92.76,27.19,55.04,27.02,39.55,48.312,0.171315865035777,35.6,-0.178714030024102,0.0543385502972172,20.25
VNM,Viet Nam,2021-01,2021-01-01,WB_BPS_SECTOR_OS,Sector: Other Services,60.18,-26.04,64.82,-21.54,11.73,11.66,5.78,7.75,7.73,80.27,49.29,9.21,14.21,11.59,,,,,,,,0.313270844821067,26.04,-0.468891035808261,0.171315865035777,32.95
VNM,Viet Nam,2020-06,2020-06-01,WB_BPS_SECTOR_RET,Sector: Retail,35.93,-35.25,78.43,-24.29,18.89,10.75,25.78,17.77,10.35,45.1,18.18,4.36,9.20333333333333,,,,,,,,,-0.231577752815434,35.25,-0.133509633569618,,
VNM,Viet Nam,2020-10,2020-10-01,WB_BPS_SECTOR_RET,Sector: Retail,35.87,-24.56,57.49,-29.15,3.51,12.49,8.89,3.12,9.43,70.08,24.79,5.43,5.5575,,,94.58,21.06,62.75,34.56,28.64,48.318,0.17821870553405,24.56,-0.729884091240141,-0.231577752815434,18.18
VNM,Viet Nam,2021-01,2021-01-01,WB_BPS_SECTOR_RET,Sector: Retail,42.69,-13.53,47.41,-21.98,0.39,5.9,4.59,7.21,6,76.01,34.84,11.06,15.39,13.88,,,,,,,,0.219290739614856,13.53,-0.914647369567754,0.17821870553405,24.79
XKX,Kosovo,2020-07,2020-07-01,WB_BPS_SECTOR_MGF,Sector: Manufacturing,52.06,-54.32,91.8,-9.82,40.21,10.38,14.95,10.12,1.16,24.75,66.69,3.54,14.79,,,,,,,,,-0.929105126871895,54.32,0.247289416265373,,
XKX,Kosovo,2021-07,2021-07-01,WB_BPS_SECTOR_MGF,Sector: Manufacturing,27.22,-13.8,53.07,14.28,,4.56,,,0.75,48.16,82.5,,21.045,8.16,31.39,,,,,,,-0.376035546937051,13.8,-0.927052556285722,-0.929105126871895,66.69
XKX,Kosovo,2020-07,2020-07-01,WB_BPS_SECTOR_OS,Sector: Other Services,58.28,-64.43,92.57,-16.64,37.16,6.93,10.8,8.2,3.38,23.52,66.94,4.26,14.75,,,,,,,,,-0.843998787625998,64.43,0.262230324974201,,
XKX,Kosovo,2021-07,2021-07-01,WB_BPS_SECTOR_OS,Sector: Other Services,23.64,-5.7,32.74,14.33,,4.06,,,0.66,49.11,89.83,,20.7575,14.14,48.53,,,,,,,-0.359415843014332,5.7,-0.957550292772943,-0.843998787625998,66.94
XKX,Kosovo,2020-07,2020-07-01,WB_BPS_SECTOR_RET,Sector: Retail,49.18,-55.05,89.6,-11.16,42.64,3.15,15.58,9.64,1.35,29.05,63.62,5.56,13.846,,,,,,,,,-0.810901348728189,55.05,0.146847323495066,,
XKX,Kosovo,2021-07,2021-07-01,WB_BPS_SECTOR_RET,Sector: Retail,24.35,-3.3,20.83,12.18,,5.12,,,0.11,62.01,85.84,,20.4675,7.19,21.79,,,,,,,-0.0936390338683165,3.3,-1.44768625749599,-0.810901348728189,63.62
ZAF,South Africa,2020-05,2020-05-01,WB_BPS_SECTOR_MGF,Sector: Manufacturing,24.08,-40.83,79.7,-22.35,25.65,21.41,62.6,59.27,11.94,32.54,16.75,14.16,3.666,,,,,,,,,-0.147262661211318,40.83,0.658480489913944,,
ZAF,South Africa,2020-11,2020-11-01,WB_BPS_SECTOR_MGF,Sector: Manufacturing,66.45,-41.74,74.71,-9.6,27.27,29.94,52.74,45.37,11.82,88.33,33.12,20.92,6.292,,,99.82,33.38,79.18,44.91,23.62,56.182,0.864113388669561,41.74,0.851192204766764,-0.147262661211318,16.75
ZAF,South Africa,2021-08,2021-08-01,WB_BPS_SECTOR_MGF,Sector: Manufacturing,63.89,-43.52,83.79,16.06,50.18,32.3,59.18,50.94,6.71,,34.89,,2.7225,50.87,47.19,,,,,,,,43.52,1.15417506258691,0.864113388669561,33.12
ZAF,South Africa,2020-05,2020-05-01,WB_BPS_SECTOR_OS,Sector: Other Services,57.88,-65.09,87.02,-29.78,57.68,35.92,56.7,60.11,20.42,44.89,19.14,29.06,4.012,,,,,,,,,0.707313540726296,65.09,1.53823352875245,,
ZAF,South Africa,2020-11,2020-11-01,WB_BPS_SECTOR_OS,Sector: Other Services,66.16,-50.99,85.93,-15.89,29.59,32.96,47.61,47.03,12.37,86.45,33.17,25.71,6.566,,,88.88,38.81,71.76,53.43,31.53,56.882,0.950767927478144,50.99,1.03940153614018,0.707313540726296,19.14
ZAF,South Africa,2021-08,2021-08-01,WB_BPS_SECTOR_OS,Sector: Other Services,64.61,-41.29,78.16,14.77,49.14,29.13,46.51,45.45,18.7,,29.68,,4.3925,58.94,56.32,,,,,,,,41.29,1.08802698293324,0.950767927478144,33.17
ZAF,South Africa,2020-05,2020-05-01,WB_BPS_SECTOR_RET,Sector: Retail,33.03,-52.07,84.97,-27.76,39.97,34.86,61.85,63.11,21.73,55.63,13.62,21.66,3.094,,,,,,,,,0.762884885222217,52.07,1.15536007297685,,
ZAF,South Africa,2020-11,2020-11-01,WB_BPS_SECTOR_RET,Sector: Retail,56.8,-34.79,80.54,,8.02,15.01,29.18,38.71,,96.79,39.02,,8.294,,,88.92,25.4,71.43,43.75,25.56,51.012,1.45439581293244,34.79,0.212440672579119,0.762884885222217,13.62
ZAF,South Africa,2021-08,2021-08-01,WB_BPS_SECTOR_RET,Sector: Retail,67.63,-33.91,72.53,12.36,40.15,22.46,30.18,36.61,7.48,,30.9,,4.715,64.33,,,,,,,,,33.91,0.733362905432724,1.45439581293244,39.02
