REF_AREA,REF_AREA_LABEL,TIME_PERIOD,time_date,STRATUM,STRATUM_LABEL,WB_BPS_ACCESS,WB_BPS_ARREARS,WB_BPS_CHANGE_SALES,WB_BPS_DROPSALES,WB_BPS_EXPECTATIONS_SALES,WB_BPS_PLANTS_ABSENCE,WB_BPS_PLANTS_FIRED,WB_BPS_PLANTS_HOURS_CUT,WB_BPS_PLANTS_WAGES_CUT,WB_BPS_RCV_POLICY,WB_BPS_REMOTE_WORKERS,WB_BPS_USE_DIGITAL,WB_BPS_ONLINE_SALES,WB_BPS_ORDERS_CANCEL,WB_BPS_STOP_SELL,WB_BPS_PROTOCOL_1,WB_BPS_PROTOCOL_2,WB_BPS_PROTOCOL_3,WB_BPS_PROTOCOL_4,WB_BPS_PROTOCOL_5,protocols_mean,ACI,change_sales_stress,CSI,ACI_l1,support_l1
AFG,Afghanistan,2020-06,2020-06-01,WB_BPS_SIZE_L,Size: Large (100+),2.38,73.81,-60.55,87.5,-21.49,80.95,35.71,26.19,16.67,2.38,5.45,50,,,,,,,,,,-0.282579087911114,60.55,1.0348197865798,,
AFG,Afghanistan,2020-06,2020-06-01,WB_BPS_SIZE_M,Size: Medium (20-99),1.43,75.71,-69.11,92.65,-31.37,69.29,42.14,20,17.14,1.43,2.99,49.29,22.82,,,,,,,,,-0.202096850995776,69.11,1.0945958027423,,
AFG,Afghanistan,2020-06,2020-06-01,WB_BPS_SIZE_S,Size: Small (5-19),1.96,73.04,-75.21,93.33,-28.1,67.16,34.8,13.73,16.18,1.47,0.72,50.49,31.74,,,,,,,,,-0.0439920791278193,75.21,0.97964363000163,,
ARG,Argentina,2021-06,2021-06-01,WB_BPS_SIZE_L,Size: Large (100+),67.21,16.75,7.94,37.13,13.7,50.77,8.38,16.35,10.92,42.01,9.42,70.21,15.81,26.48,3.83,,,,,,,0.220989182706324,-7.94,-0.949497595498379,,
ARG,Argentina,2021-06,2021-06-01,WB_BPS_SIZE_M,Size: Medium (20-99),64.83,9.85,9.41,39.12,7.37,32.09,4.1,13.96,5.1,38.085,10.26,63.65,16.56,19.45,13.6,,,,,,,0.167300801262948,-9.41,-1.14887367623103,,
ARG,Argentina,2021-06,2021-06-01,WB_BPS_SIZE_MI,Size: Micro (0-4),30.4,18.27,-10.3,51.83,8.06,8.64,0.08,8.16,4.44,12.365,,,,23.56,,,,,,,,,10.3,-1.00843110568813,,
ARG,Argentina,2021-06,2021-06-01,WB_BPS_SIZE_S,Size: Small (5-19),66.32,17.48,-5.46,47.51,4.59,18.43,3.47,17.08,7.24,36.165,9.46,56.74,20.65,21.55,22.76,,,,,,,0.127509533868946,5.46,-0.937192578072041,,
BEN,Benin,2021-06,2021-06-01,WB_BPS_SIZE_L,Size: Large (100+),21.28,,2.42,34.21,,45.24,13.95,2.5,5,8.086,6.43,55.32,,,,,,,,,,-0.0920110521176683,-2.42,-0.956645858227683,,
BEN,Benin,2021-06,2021-06-01,WB_BPS_SIZE_M,Size: Medium (20-99),6.1,,1.38,25.32,,25.61,13.41,9.76,8.54,2.196,4.99,53.66,,,,,,,,,,-0.220860462370604,-1.38,-1.09143859890494,,
BEN,Benin,2021-06,2021-06-01,WB_BPS_SIZE_MI,Size: Micro (0-4),3.18,,-8.62,34.09,,1.17,1.34,3.52,1.85,0.97,,,,,,,,,,,,,8.62,-1.39384827177126,,
BEN,Benin,2021-06,2021-06-01,WB_BPS_SIZE_S,Size: Small (5-19),1.47,,-8.3,39.39,,20.15,11.94,14.18,14.93,0.74,1.42,38.24,,,,,,,,,,-0.817847472442991,8.3,-0.837607072664309,,
BFA,Burkina Faso,2020-10,2020-10-01,WB_BPS_SIZE_M,Size: Medium (20-99),11.05,35.19,-31.56,83.6,,15.82,12.45,24.92,8.4,4.47,5.36,52.12,11.5,,,,,,,,,-0.352324761459005,31.56,-0.261531571082868,,
BFA,Burkina Faso,2020-10,2020-10-01,WB_BPS_SIZE_MI,Size: Micro (0-4),10.44,25.84,-35.05,76.32,,4.52,2.98,10.12,8.39,2.9225,,,,,,,,,,,,,35.05,-0.646390188546974,,
BFA,Burkina Faso,2020-10,2020-10-01,WB_BPS_SIZE_S,Size: Small (5-19),16.62,26.2,-30.77,81.6,,7.03,4.56,15.57,11.6,4.9425,2.35,27.61,5.15,,,,,,,,,-1.04073663845417,30.77,-0.531666425225621,,
BGD,Bangladesh,2021-07,2021-07-01,WB_BPS_SIZE_L,Size: Large (100+),30.3,52.28,-43.9,85.25,3.74,,16.2,,,5.77,9.41,24.64,,27.41,,,,,,,,-0.66295576666424,43.9,0.300251502600263,,
BGD,Bangladesh,2020-06,2020-06-01,WB_BPS_SIZE_M,Size: Medium (20-99),4.55,87.8,-69.49,95.35,,56.82,31.82,56.82,50,2.27,22.56,27.27,,,,,,,,,,0.206079729575531,69.49,1.58262127218449,0.206079729575531,4.55
BGD,Bangladesh,2021-07,2021-07-01,WB_BPS_SIZE_M,Size: Medium (20-99),14.92,52.6,-46.87,85.12,3.91,,17.52,,,2.82333333333333,12.47,19.57,,25.66,69.44,,,,,,,-0.60023485369852,46.87,0.592834897360128,0.206079729575531,4.55
BGD,Bangladesh,2020-06,2020-06-01,WB_BPS_SIZE_MI,Size: Micro (0-4),1.04,,-56.59,95.83,,23.26,12.5,65.62,40.97,0.52,,,,,,,,,,,,,56.59,0.84610920570296,,1.04
BGD,Bangladesh,2021-07,2021-07-01,WB_BPS_SIZE_MI,Size: Micro (0-4),1.86,57.76,-37.77,76.29,-0.07,,11.08,,,1.05,,,,19.1,,,,,,,,,37.77,0.0253789377390701,,1.04
BGD,Bangladesh,2020-06,2020-06-01,WB_BPS_SIZE_S,Size: Small (5-19),1.95,88.62,-68.3,94.63,,53.9,23.38,44.81,38.96,0.65,10.2,11.76,,,,,,,,,,-0.930853893648004,68.3,1.27713142593378,-0.930853893648004,1.95
BGD,Bangladesh,2021-07,2021-07-01,WB_BPS_SIZE_S,Size: Small (5-19),7.43,56.16,-46.89,84.17,2.08,,13.25,,,1.2,9.24,6.56,,28.11,48.59,,,,,,,-1.117252193876,46.89,0.363016761524318,-0.930853893648004,1.95
BGR,Bulgaria,2020-05,2020-05-01,WB_BPS_SIZE_L,Size: Large (100+),16.3,21.74,-21.29,67.82,-4.44,69.57,53.26,19.57,17.39,4.89,13.24,32.97,15.12,,,,,,,,,-0.250627429661298,21.29,0.279338516746342,-0.250627429661298,16.3
BGR,Bulgaria,2020-11,2020-11-01,WB_BPS_SIZE_L,Size: Large (100+),25.03,22.71,-15.09,47.23,-11.14,62.7,52.07,9.1,5.99,5.7825,11.49,39.99,20.55,,,92.48,42.87,68.19,50.53,27.01,56.216,0.105217403039629,15.09,-0.158844981226841,-0.250627429661298,16.3
BGR,Bulgaria,2021-05,2021-05-01,WB_BPS_SIZE_L,Size: Large (100+),35.86,4.98,-8.22,40.29,0.78,,53.95,,,,5.29,42.02,9.95,11.16,,,,,,,,-0.56064268744095,8.22,-0.665227275634272,0.105217403039629,25.03
BGR,Bulgaria,2020-05,2020-05-01,WB_BPS_SIZE_M,Size: Medium (20-99),9.92,26.03,-31.44,73,-7.92,62.4,35.95,21.07,22.31,2.79,8.76,28.93,19.21,,,,,,,,,-0.393528018684194,31.44,0.251838234187096,-0.393528018684194,9.92
BGR,Bulgaria,2020-11,2020-11-01,WB_BPS_SIZE_M,Size: Medium (20-99),31.77,32.91,-24.83,67.52,-18.6,48.84,25.11,12.15,12.77,5.848,9.25,46.93,17.18,,,87.74,39.96,59.1,42.39,27.54,51.346,-0.0352483159860546,24.83,-0.149440195581798,-0.393528018684194,9.92
BGR,Bulgaria,2021-05,2021-05-01,WB_BPS_SIZE_M,Size: Medium (20-99),43.53,9.31,-18.29,59.12,4.84,,37.57,,,,9.61,44.13,12.46,15.15,36.12,,,,,,,-0.284906420224392,18.29,-0.461912912319832,-0.0352483159860546,31.77
BGR,Bulgaria,2020-05,2020-05-01,WB_BPS_SIZE_MI,Size: Micro (0-4),5.68,,-47.9,77.04,,18.56,12.5,15.91,15.53,1.364,,,,,,,,,,,,,47.9,-0.140034595510743,,5.68
BGR,Bulgaria,2020-11,2020-11-01,WB_BPS_SIZE_MI,Size: Micro (0-4),15.63,23.29,-32.72,63.79,-23.84,13.36,9.06,9.81,5.82,4.47666666666667,,,,,,78.74,27.42,53.22,24.16,32.92,43.292,,32.72,-0.679033768667877,,5.68
BGR,Bulgaria,2021-05,2021-05-01,WB_BPS_SIZE_MI,Size: Micro (0-4),22.59,11.79,-28.5,51.75,4.91,,5.01,,,,,,,10.42,46.71,,,,,,,,28.5,-0.74289137326688,,15.63
BGR,Bulgaria,2020-05,2020-05-01,WB_BPS_SIZE_S,Size: Small (5-19),9.76,29.97,-39.51,75.76,-12.55,48.52,30.86,24.85,21.07,1.836,9.02,26.81,16.2,,,,,,,,,-0.495588116060427,39.51,0.230058760936412,-0.495588116060427,9.76
BGR,Bulgaria,2020-11,2020-11-01,WB_BPS_SIZE_S,Size: Small (5-19),27.6,24.17,-25.39,60.68,-19.59,32.96,18.02,10.68,8.54,5.718,13.06,39.32,17.74,,,88.3,24.48,57.69,39.64,26.02,47.226,-0.078807179096379,25.39,-0.49202384594912,-0.495588116060427,9.76
BGR,Bulgaria,2021-05,2021-05-01,WB_BPS_SIZE_S,Size: Small (5-19),29.17,9.91,-18.2,50.07,4.67,,13.99,,,,12.91,43.62,14.47,13.39,30.09,,,,,,,-0.106604474129914,18.2,-0.904322276426642,-0.078807179096379,27.6
BRA,Brazil,2020-06,2020-06-01,WB_BPS_SIZE_M,Size: Medium (20-99),62.64,,-47.14,87.36,,,65.71,45.06,42.19,18.44,2.56,63.22,,,,,,,,,,-0.134802928401937,47.14,1.46151982890135,-0.134802928401937,62.64
BRA,Brazil,2020-12,2020-12-01,WB_BPS_SIZE_M,Size: Medium (20-99),62.64,,,,,11.43,28.63,8.29,0.85,,1.72,79.19,,,,,,,,,,0.205901455091961,,-0.580312414702087,-0.134802928401937,62.64
BRA,Brazil,2020-06,2020-06-01,WB_BPS_SIZE_MI,Size: Micro (0-4),18.38,,-52.22,85.54,,,31.11,37.77,24.84,3.495,,,,,,,,,,,,,52.22,0.700711485378262,,18.38
BRA,Brazil,2020-12,2020-12-01,WB_BPS_SIZE_MI,Size: Micro (0-4),18.38,46.25,-24.37,62.27,,6.58,8.44,26.78,11.06,,,,,,,,,,,,,,24.37,-0.468048470114236,,18.38
BRA,Brazil,2020-06,2020-06-01,WB_BPS_SIZE_S,Size: Small (5-19),43.44,,-52.43,88.12,,,54.19,48.37,36.34,11.49,7.34,73.53,,,,,,,,,,0.410747341376721,52.43,1.32057963695203,0.410747341376721,43.44
BRA,Brazil,2020-12,2020-12-01,WB_BPS_SIZE_S,Size: Small (5-19),43.44,36.31,-18.63,59.07,,16.65,20.05,23.91,14.98,,3.73,85.65,32.78,,,,,,,,,0.68119963582127,18.63,-0.403102005759492,0.410747341376721,43.44
CHL,Chile,2021-07,2021-07-01,WB_BPS_SIZE_L,Size: Large (100+),46.53,12.17,-13.59,45.27,12.41,45.26,49.14,29.11,22.04,17.98,29.92,92.93,34.11,23.31,,,,,,,,1.90293971587343,13.59,-0.128365415246128,,
CHL,Chile,2021-07,2021-07-01,WB_BPS_SIZE_M,Size: Medium (20-99),53.98,13.45,-3.74,39.22,16.09,53.05,29.42,33.43,22.74,25.805,26.84,71.89,35.89,25.5,14.32,,,,,,,1.47905012203621,3.74,-0.454724094114995,,
CHL,Chile,2021-07,2021-07-01,WB_BPS_SIZE_S,Size: Small (5-19),48.39,20.49,-15.87,55.07,15.21,51.54,20.39,43.2,32.47,21.9475,19.43,67.37,41.86,35.28,39.09,,,,,,,1.25749101838522,15.87,0.0319688050360349,,
CIV,Cote d'Ivoire,2020-04,2020-04-01,WB_BPS_SIZE_M,Size: Medium (20-99),,,-66.37,97.92,,52.53,0.74,61.92,41.59,,,,,,,,,,,,,,66.37,1.01875753013012,,
CIV,Cote d'Ivoire,2020-04,2020-04-01,WB_BPS_SIZE_MI,Size: Micro (0-4),,,-72.35,99.6,,40.06,1.14,26.07,26.19,,,,,,,,,,,,,,72.35,0.512554627109879,,
CIV,Cote d'Ivoire,2020-04,2020-04-01,WB_BPS_SIZE_S,Size: Small (5-19),,,-59.89,94.03,,49.66,2.92,53.95,32.53,,,,,,,,,,,,,,59.89,0.765909416923423,,
DZA,Algeria,2020-08,2020-08-01,WB_BPS_SIZE_L,Size: Large (100+),9.47,,-38.64,77.81,,61.14,18.11,31.7,10.52,2.86,4.4,61.76,13.7,,,,,,,,,-0.17670747370692,38.64,0.286156378319334,,
DZA,Algeria,2020-08,2020-08-01,WB_BPS_SIZE_M,Size: Medium (20-99),6.56,,-44.6,78.75,,65.74,26.87,28.1,16.83,1.585,1.39,57.91,22.47,,,,,,,,,-0.135325829208965,44.6,0.523053587100449,,
DZA,Algeria,2020-08,2020-08-01,WB_BPS_SIZE_S,Size: Small (5-19),5.31,,-51.79,80.12,,57.79,17.71,36.02,19.33,,9.47,56.92,21.76,,,,,,,,,0.159614455931024,51.79,0.519257663739585,,
GAB,Gabon,2020-05,2020-05-01,WB_BPS_SIZE_L,Size: Large (100+),29.31,64.41,-31.16,84.48,,,23.33,73.33,41.67,10.085,,74.58,,,,,,,,,,,31.16,0.964353147008466,,
GAB,Gabon,2020-05,2020-05-01,WB_BPS_SIZE_M,Size: Medium (20-99),11.49,65.74,-33.22,87.16,,,29.13,68.93,32.04,5.32,,64.21,,,,,,,,,,,33.22,0.948359218136795,,
GAB,Gabon,2020-05,2020-05-01,WB_BPS_SIZE_MI,Size: Micro (0-4),44.68,,-73.51,85.47,,,12.31,63.08,29.23,13.0025,,,,,,,,,,,,,73.51,0.974221167175847,,
GAB,Gabon,2020-05,2020-05-01,WB_BPS_SIZE_S,Size: Small (5-19),25.76,76.19,-48.32,90.8,,,22.86,75.71,42.55,9.7225,,25,,,,,,,,,,,48.32,1.29267947055744,,
GHA,Ghana,2020-06,2020-06-01,WB_BPS_SIZE_L,Size: Large (100+),3.68,,-18.81,53.11,,30.49,3.82,34.55,17.96,1.88,1.04,7.71,1.91,,,,,,,,,-1.50380563833436,18.81,-0.425674152208157,-1.50380563833436,3.68
GHA,Ghana,2020-09,2020-09-01,WB_BPS_SIZE_L,Size: Large (100+),16.98,,-10.36,39.5,,2.4,5.47,34.89,45.68,5.345,,11.53,,,,,,,,,,-1.50380563833436,10.36,-0.537779230470729,-1.50380563833436,3.68
GHA,Ghana,2020-06,2020-06-01,WB_BPS_SIZE_M,Size: Medium (20-99),3.75,,-39.5,85.1,,30.93,3.06,46.86,44.48,1.21333333333333,5.36,32.1,12.55,,,,,,,,,-0.652812660756885,39.5,0.419598100194731,-0.652812660756885,3.75
GHA,Ghana,2020-09,2020-09-01,WB_BPS_SIZE_M,Size: Medium (20-99),17.41,,-30.39,79.17,,4.92,2.16,13.19,20.07,4.35333333333333,,34,,,,,,,,,,-0.652812660756885,30.39,-0.485739868886431,-0.652812660756885,3.75
GHA,Ghana,2020-06,2020-06-01,WB_BPS_SIZE_MI,Size: Micro (0-4),3.06,,-47.32,89.13,,13.5,3.03,31.27,37.5,0.7125,,,,,,,,,,,,,47.32,0.171936591941889,,3.06
GHA,Ghana,2020-09,2020-09-01,WB_BPS_SIZE_MI,Size: Micro (0-4),10.59,,-42.03,84.99,,3.66,0.74,20.52,28.38,2.2525,,,,,,,,,,,,,42.03,-0.208334265490695,,3.06
GHA,Ghana,2020-06,2020-06-01,WB_BPS_SIZE_S,Size: Small (5-19),5.7,,-44.09,83.85,,25.2,7.67,32.7,40.2,1.0875,1.3,13.59,1.66,,,,,,,,,-1.40343417203917,44.09,0.287873970609158,-1.40343417203917,5.7
GHA,Ghana,2020-09,2020-09-01,WB_BPS_SIZE_S,Size: Small (5-19),14.15,,-43.58,89.42,,7.07,1.82,17.19,29.78,2.6575,,22.65,,,,,,,,,,-1.40343417203917,43.58,-0.129519758935743,-1.40343417203917,5.7
HRV,Croatia,2021-05,2021-05-01,WB_BPS_SIZE_L,Size: Large (100+),70,10,1.53,37.93,8.26,23.33,35,5,8.33,32.915,,70,28.96,1.67,,,,,,,,0.869506304701697,-1.53,-0.972334554277922,,
HRV,Croatia,2021-05,2021-05-01,WB_BPS_SIZE_M,Size: Medium (20-99),71.93,23.68,-4.23,46.85,6.28,21.05,28.95,12.28,10.53,31.7975,,59.65,36.56,14.91,,,,,,,,0.910674362822965,4.23,-0.698385837846794,,
HRV,Croatia,2021-05,2021-05-01,WB_BPS_SIZE_MI,Size: Micro (0-4),63.95,34.3,-19.99,51.85,6.22,5.81,11.05,12.21,18.6,23.8375,,,,20.12,,,,,,,,,19.99,-0.650656302450153,,
HRV,Croatia,2021-05,2021-05-01,WB_BPS_SIZE_S,Size: Small (5-19),68.42,38.6,-15.35,53.1,1.29,13.16,22.81,9.65,19.3,25.6575,,50.88,19.35,16.67,,,,,,,,0.0267031883060282,15.35,-0.531068684698539,,
IDN,Indonesia,2020-06,2020-06-01,WB_BPS_SIZE_L,Size: Large (100+),5.94,9.24,-29.12,62.37,2.67,14.28,23.09,23.47,16.34,1.485,30.77,93.49,30.16,,,,,,,,,1.84446047320706,29.12,-0.467896105743603,1.84446047320706,5.94
IDN,Indonesia,2020-10,2020-10-01,WB_BPS_SIZE_L,Size: Large (100+),96.88,23.45,-28.09,67.73,10.48,6.35,14.74,27.04,34.23,44.95,12.7,87.56,32.05,,,98.11,54.92,87.78,61.96,48.77,70.308,1.21487469118824,28.09,-0.288647465345907,1.84446047320706,5.94
IDN,Indonesia,2021-03,2021-03-01,WB_BPS_SIZE_L,Size: Large (100+),98.68,,,,,40.2,39.91,,,,36.44,,35.04,,,,,,,,,2.24284384836388,,,1.21487469118824,96.88
IDN,Indonesia,2020-06,2020-06-01,WB_BPS_SIZE_M,Size: Medium (20-99),2.74,24.25,-59.81,88.65,-18.56,37.1,17.16,26.38,41.17,0.58,4.94,79.34,36.58,,,,,,,,,0.725693426525157,59.81,0.409582329928685,0.725693426525157,2.74
IDN,Indonesia,2020-10,2020-10-01,WB_BPS_SIZE_M,Size: Medium (20-99),78.37,54.88,-28.19,71.81,-11.54,6.58,6.28,40.56,48.37,15.122,3.18,80.95,32.95,,,95.99,50.25,79.23,72.16,50.74,69.674,0.848081988756487,28.19,0.109151211348669,0.725693426525157,2.74
IDN,Indonesia,2021-03,2021-03-01,WB_BPS_SIZE_M,Size: Medium (20-99),78.47,,,,,2.75,5.33,,,,12.03,,53.4,,,,,,,,,1.46287024057144,,,0.848081988756487,78.37
IDN,Indonesia,2020-06,2020-06-01,WB_BPS_SIZE_MI,Size: Micro (0-4),7.29,,-56.29,89.02,,9.09,6.81,25.16,8.1,1.49666666666667,,,,,,,,,,,,,56.29,-0.100185225810125,,7.29
IDN,Indonesia,2020-10,2020-10-01,WB_BPS_SIZE_MI,Size: Micro (0-4),44.71,30.7,-50.87,84.79,,3.31,,22.89,6.94,8.726,,,,,,93.53,2.89,68.57,34.89,10.41,42.058,,50.87,-0.219034872179629,,7.29
IDN,Indonesia,2021-03,2021-03-01,WB_BPS_SIZE_MI,Size: Micro (0-4),50.92,,,,,0.32,0.83,,,,,,,,,,,,,,,,,,,44.71
IDN,Indonesia,2020-06,2020-06-01,WB_BPS_SIZE_S,Size: Small (5-19),6.69,13.33,-51.25,81.27,-10.94,25.42,21.53,40.18,18.48,1.79666666666667,12.59,67.38,34.43,,,,,,,,,0.786242690184283,51.25,0.0784918321011034,0.786242690184283,6.69
IDN,Indonesia,2020-10,2020-10-01,WB_BPS_SIZE_S,Size: Small (5-19),47.4,45.43,-43.46,80.09,5.58,14.29,15.77,24.87,19.66,10.462,12.78,68.66,40.45,,,92.3,26.12,64.16,39.86,25.19,49.526,0.757270523298965,43.46,-0.00325574128098853,0.786242690184283,6.69
IDN,Indonesia,2021-03,2021-03-01,WB_BPS_SIZE_S,Size: Small (5-19),67.97,,,,,2.2,3.99,,,,3.59,,22.42,,,,,,,,,-0.257106249282991,,,0.757270523298965,47.4
IND,India,2020-06,2020-06-01,WB_BPS_SIZE_L,Size: Large (100+),34.13,46.12,-54.13,89.72,-25.78,53.42,25.11,36.99,47.49,,29.07,,28.6,,,,,,,,,1.54176656031841,54.13,0.862816241254452,1.54176656031841,
IND,India,2021-07,2021-07-01,WB_BPS_SIZE_L,Size: Large (100+),34.13,41.15,-15.06,59.21,4.31,,46.94,,,7.1525,11.61,74.92,22.75,26.18,47.52,,,,,,,0.567156442853213,15.06,0.114387846810434,1.54176656031841,
IND,India,2020-06,2020-06-01,WB_BPS_SIZE_M,Size: Medium (20-99),41.92,55.83,-55.17,87.1,-21.71,56.18,20.85,34.63,41.7,,25.07,,23.24,,,,,,,,,1.08881308215595,55.17,0.825133782559692,1.08881308215595,
IND,India,2021-07,2021-07-01,WB_BPS_SIZE_M,Size: Medium (20-99),41.92,52.51,-14.44,52.75,0.63,,51.09,,,9.33,11.27,72.68,22.37,34.03,62.07,,,,,,,0.50678322776864,14.44,0.425577965209358,1.08881308215595,
IND,India,2020-06,2020-06-01,WB_BPS_SIZE_MI,Size: Micro (0-4),50.28,47.06,,,,11.76,14.71,14.71,29.41,,,,,,,,,,,,,,,-0.197702806820587,,
IND,India,2021-07,2021-07-01,WB_BPS_SIZE_MI,Size: Micro (0-4),50.28,49.91,-23.85,51.79,-8.11,,16.7,,,10.8925,,,,41.26,,,,,,,,,23.85,-0.126895599042271,,
IND,India,2020-06,2020-06-01,WB_BPS_SIZE_S,Size: Small (5-19),35.11,60.34,-57.47,84.57,-21.38,60.34,15.64,50.84,43.58,,32.41,,32.22,,,,,,,,,1.88674049666592,57.47,0.969698590165909,1.88674049666592,
IND,India,2021-07,2021-07-01,WB_BPS_SIZE_S,Size: Small (5-19),35.11,48.43,-16.46,56.86,-3.04,,48.56,,,8.23,10.59,53.48,22.3,34.23,59.08,,,,,,,0.162973979474024,16.46,0.385586765742469,1.88674049666592,
KEN,Kenya,2020-07,2020-07-01,WB_BPS_SIZE_L,Size: Large (100+),28.2,60.28,-38.32,80.96,-17.52,13.62,32.35,4.84,3.17,8.472,16.64,64.32,12.45,,,,,,,,,0.332013237571084,38.32,-0.0614838324885147,0.332013237571084,28.2
KEN,Kenya,2020-09,2020-09-01,WB_BPS_SIZE_L,Size: Large (100+),59.7,30.99,-16.12,48.02,1.92,11.94,13.11,6.66,2.17,2.975,4.82,95.14,22.07,,,82.68,53.9,65.46,47.15,50.92,60.022,0.679386471499391,16.12,-0.893701455421093,0.332013237571084,28.2
KEN,Kenya,2021-04,2021-04-01,WB_BPS_SIZE_L,Size: Large (100+),84.81,35.66,-25.09,80.15,12.54,34.29,14.74,25.25,28.32,17.9625,11.96,92.3,30.44,30.27,48.02,,,,,,,1.06508827071134,25.09,0.0775952976400417,0.679386471499391,59.7
KEN,Kenya,2020-07,2020-07-01,WB_BPS_SIZE_M,Size: Medium (20-99),33.24,72.51,-53.2,92.96,-23.46,18.29,35.18,12.45,12.41,8.474,13.17,52.34,12.67,,,,,,,,,0.000104123644408316,53.2,0.430233996773889,0.000104123644408316,33.24
KEN,Kenya,2020-09,2020-09-01,WB_BPS_SIZE_M,Size: Medium (20-99),54.13,43.19,-34.01,69.55,-7.62,4.51,13.79,3.22,4.16,3.97333333333333,5.16,92.94,17.36,,,82.18,40.47,51.33,33.19,34.47,48.328,0.351144333849778,34.01,-0.561151211552244,0.000104123644408316,33.24
KEN,Kenya,2021-04,2021-04-01,WB_BPS_SIZE_M,Size: Medium (20-99),72.2,37.47,-32.36,83.21,11.25,23.75,23.57,22.2,24.51,12.8775,13.97,79.47,30.69,18.39,31.39,,,,,,,0.943539804804354,32.36,-0.0759651943182363,0.351144333849778,54.13
KEN,Kenya,2020-07,2020-07-01,WB_BPS_SIZE_MI,Size: Micro (0-4),17.49,,-61.2,93.56,,9.21,20.08,10.67,5.02,3.13,,,,,,,,,,,,,61.2,-0.0159827646353228,,17.49
KEN,Kenya,2020-09,2020-09-01,WB_BPS_SIZE_MI,Size: Micro (0-4),35.9,57.91,-43.2,79.48,-6.22,2.99,21.97,3.95,2.07,1.312,,,,,,66.49,17.7,49.01,34.01,31.25,39.692,,43.2,-0.250788990813885,,17.49
KEN,Kenya,2021-04,2021-04-01,WB_BPS_SIZE_MI,Size: Micro (0-4),53.7,31.52,-29.94,88.78,10.54,7.69,12.52,16.92,18.59,8.4375,,,,20.84,,,,,,,,,29.94,-0.294025458357761,,35.9
KEN,Kenya,2020-07,2020-07-01,WB_BPS_SIZE_S,Size: Small (5-19),21.82,72.02,-60.17,95.13,-18.24,17.38,28.75,17.07,10.76,3.72,7.47,35.62,7.32,,,,,,,,,-0.644609342593323,60.17,0.443078931731394,-0.644609342593323,21.82
KEN,Kenya,2020-09,2020-09-01,WB_BPS_SIZE_S,Size: Small (5-19),41.9,50.01,-39.46,73.37,-6.42,6.94,18.85,6.14,4.98,1.6325,4.09,85.26,11.43,,,81.98,30.52,53.68,38.84,28.11,46.626,0.0768987112323953,39.46,-0.34405378724592,-0.644609342593323,21.82
KEN,Kenya,2021-04,2021-04-01,WB_BPS_SIZE_S,Size: Small (5-19),57.66,32.37,-29.71,85.26,10.19,13.33,16.84,18,18.67,9.9675,8.85,63.86,28.26,20.27,,,,,,,,0.416282294939731,29.71,-0.236824439358236,0.0768987112323953,41.9
KGZ,Kyrgyz Republic,2020-08,2020-08-01,WB_BPS_SIZE_M,Size: Medium (20-99),15.49,43.38,-35.96,74.76,,38.91,28.45,31.11,25.6,7.715,5.59,51.8,14.08,,,,,,,,,-0.281355821894465,35.96,0.287339832817463,-0.281355821894465,15.49
KGZ,Kyrgyz Republic,2021-06,2021-06-01,WB_BPS_SIZE_M,Size: Medium (20-99),8.36,26.67,-14.37,53.67,14.93,27.77,36.86,7.65,7.31,3.01,4.33,,,28.37,,,,,,,,-0.281355821894465,14.37,-0.415111917675498,-0.281355821894465,15.49
KGZ,Kyrgyz Republic,2020-08,2020-08-01,WB_BPS_SIZE_MI,Size: Micro (0-4),9.62,33.3,-26.6,62.95,,10.07,13.14,22.77,9.53,3.47,,,,,,,,,,,,,26.6,-0.509385261315302,,9.62
KGZ,Kyrgyz Republic,2021-06,2021-06-01,WB_BPS_SIZE_MI,Size: Micro (0-4),7.43,19.11,-11.99,48.28,15.54,15.97,11.31,14.77,6.03,1.82333333333333,,,,29.55,57.04,,,,,,,,11.99,-0.562893296271359,,9.62
KGZ,Kyrgyz Republic,2020-08,2020-08-01,WB_BPS_SIZE_S,Size: Small (5-19),14.38,44.98,-30.68,70.72,,19.24,25.84,30.97,14.26,4.83666666666667,8.09,48.74,13.29,,,,,,,,,-0.249943835062335,30.68,-0.0371149331411821,-0.249943835062335,14.38
KGZ,Kyrgyz Republic,2021-06,2021-06-01,WB_BPS_SIZE_S,Size: Small (5-19),14.26,20.35,-14.97,51.11,12.16,25.54,25.07,12.34,8.41,3.18,6.15,,,32.32,44.07,,,,,,,-0.249943835062335,14.97,-0.432251738181797,-0.249943835062335,14.38
KHM,Cambodia,2020-06,2020-06-01,WB_BPS_SIZE_L,Size: Large (100+),31.48,37.35,,,,,,,,,15.38,25.77,8.96,,,,,,,,,-0.440752672211196,,,-0.440752672211196,
KHM,Cambodia,2020-09,2020-09-01,WB_BPS_SIZE_L,Size: Large (100+),31.48,16.89,,,,,,,,,,32.1,6.02,,,,,,,,,-0.952283699002014,,,-0.440752672211196,
KHM,Cambodia,2021-05,2021-05-01,WB_BPS_SIZE_L,Size: Large (100+),31.48,30.67,,,,33.91,1.18,25.24,27.87,10.39,16.92,48.76,18.78,,,,,,,,,0.252706413786095,,-0.248732330324657,-0.952283699002014,
KHM,Cambodia,2020-06,2020-06-01,WB_BPS_SIZE_M,Size: Medium (20-99),35.09,33.04,,,,,,,,,9.29,45.31,13.39,,,,,,,,,-0.254554653222848,,,-0.254554653222848,
KHM,Cambodia,2020-09,2020-09-01,WB_BPS_SIZE_M,Size: Medium (20-99),35.09,19.42,,,,,,,,,,54.52,13.97,,,,,,,,,-0.0929548357122032,,,-0.254554653222848,
KHM,Cambodia,2021-05,2021-05-01,WB_BPS_SIZE_M,Size: Medium (20-99),35.09,27.86,,,,32.48,5.82,22.72,20.14,16.415,7.78,64.83,22.45,,,,,,,,,0.238031482571609,,-0.346452216441818,-0.0929548357122032,
KHM,Cambodia,2020-06,2020-06-01,WB_BPS_SIZE_MI,Size: Micro (0-4),9.15,41.38,,,,,,,,,,,,,,,,,,,,,,,,
KHM,Cambodia,2020-09,2020-09-01,WB_BPS_SIZE_MI,Size: Micro (0-4),9.15,37.1,,,,,,,,,,,,,,,,,,,,,,,,
KHM,Cambodia,2021-05,2021-05-01,WB_BPS_SIZE_MI,Size: Micro (0-4),9.15,33.87,,,,43.85,9.91,11.73,15.93,6.095,,,,,,,,,,,,,,-0.286295123310654,,
KHM,Cambodia,2020-06,2020-06-01,WB_BPS_SIZE_S,Size: Small (5-19),14.69,42.38,,,,,,,,,4.94,39.29,10.87,,,,,,,,,-0.595771810661729,,,-0.595771810661729,
KHM,Cambodia,2020-09,2020-09-01,WB_BPS_SIZE_S,Size: Small (5-19),14.69,27.1,,,,,,,,,,53.74,10.05,,,,,,,,,-0.26440712487409,,,-0.595771810661729,
KHM,Cambodia,2021-05,2021-05-01,WB_BPS_SIZE_S,Size: Small (5-19),14.69,27.59,,,,38.13,3.2,18.88,20.72,6.09,5.97,65.68,22.75,,,,,,,,,0.185895644734152,,-0.365777269948141,-0.26440712487409,
LBR,Liberia,2020-06,2020-06-01,WB_BPS_SIZE_MI,Size: Micro (0-4),1,,-43.21,94.25,,,,,,,,,,,,,,,,,,,43.21,,,
LBR,Liberia,2020-06,2020-06-01,WB_BPS_SIZE_S,Size: Small (5-19),1.64,,-43.21,93.44,,,,,,,,,3.07,,,,,,,,,,43.21,,,
LKA,Sri Lanka,2020-05,2020-05-01,WB_BPS_SIZE_L,Size: Large (100+),40.49,32,-48.02,79.17,,86,8,46,18,,,,,,,,,,,,,,48.02,0.491042154368032,,
LKA,Sri Lanka,2021-06,2021-06-01,WB_BPS_SIZE_L,Size: Large (100+),40.49,42.39,-25.82,64.02,-5.25,,12.38,,,14.345,,39.24,,24.48,17.83,,,,,,,,25.82,-0.48882349756564,,
LKA,Sri Lanka,2020-05,2020-05-01,WB_BPS_SIZE_M,Size: Medium (20-99),37.26,73.21,-70.62,92.86,,75,5.36,33.93,21.43,,,,,,,,,,,,,,70.62,0.89294003263962,,
LKA,Sri Lanka,2021-06,2021-06-01,WB_BPS_SIZE_M,Size: Medium (20-99),37.26,62.57,-52.24,88.06,-25.31,,6.92,,,11.6066666666667,,23.92,,35.48,,,,,,,,,52.24,0.47784306677951,,
LKA,Sri Lanka,2020-05,2020-05-01,WB_BPS_SIZE_MI,Size: Micro (0-4),18.22,73.08,-80.49,95.77,,43.08,1.92,18.08,20.77,,,,,,,,,,,,,,80.49,0.604962713094546,,
LKA,Sri Lanka,2021-06,2021-06-01,WB_BPS_SIZE_MI,Size: Micro (0-4),18.22,43.18,-64.92,94.37,-22.19,,1.66,,,4.4425,,,,26.06,,,,,,,,,64.92,0.301735702412065,,
LKA,Sri Lanka,2020-05,2020-05-01,WB_BPS_SIZE_S,Size: Small (5-19),28.37,73.13,-73.04,90.98,,66.42,5.22,32.84,40.3,,,,,,,,,,,,,,73.04,0.994698193951177,,
LKA,Sri Lanka,2021-06,2021-06-01,WB_BPS_SIZE_S,Size: Small (5-19),28.37,53.33,-59.14,89.38,-15.94,,5.75,,,12.775,,16.69,,27.11,,,,,,,,,59.14,0.359806096901011,,
MDG,Madagascar,2020-06,2020-06-01,WB_BPS_SIZE_L,Size: Large (100+),25.53,,-36.68,75.58,-21.25,48.41,33.59,50.72,12.21,6.325,7.75,61.14,,,,,,,,,,0.131632719275882,36.68,0.518799581573746,0.131632719275882,25.53
MDG,Madagascar,2021-01,2021-01-01,WB_BPS_SIZE_L,Size: Large (100+),65.52,,-27.51,84.4,,20.12,12.59,3.99,,16.9133333333333,,58.01,,,,99.29,44.92,,85.31,21.45,62.7425,0.745048664750259,27.51,-0.359052007649849,0.131632719275882,25.53
MDG,Madagascar,2020-06,2020-06-01,WB_BPS_SIZE_M,Size: Medium (20-99),10.95,,-49.03,85.55,-20.02,14.16,36.77,60.28,46.17,7.02,4.91,23.32,,,,,,,,,,-0.970656094707201,49.03,0.914042088250928,-0.970656094707201,10.95
MDG,Madagascar,2021-01,2021-01-01,WB_BPS_SIZE_M,Size: Medium (20-99),51.96,,-33.09,69.67,,19.66,15.6,15.66,,13.6675,,22.08,,,,,14.29,,55.73,4.26,24.76,-1.56712452328367,33.09,-0.295682871234139,-0.970656094707201,10.95
MDG,Madagascar,2020-06,2020-06-01,WB_BPS_SIZE_MI,Size: Micro (0-4),8.33,,-58.48,94.55,,,,,,2.184,,,,,,,,,,,,,58.48,,,8.33
MDG,Madagascar,2021-01,2021-01-01,WB_BPS_SIZE_MI,Size: Micro (0-4),42.08,,-45.33,85.16,,2.27,5.34,4.07,,10.2425,,,,,,99.94,2.95,,52.23,1.38,39.125,,45.33,-0.44185243876155,,8.33
MDG,Madagascar,2020-06,2020-06-01,WB_BPS_SIZE_S,Size: Small (5-19),2.06,,-52.65,90.21,-33.59,5.1,21.87,40.44,12.78,0.786666666666667,1.59,16.3,,,,,,,,,,-1.34611400359671,52.65,0.211980669882966,-1.34611400359671,2.06
MDG,Madagascar,2021-01,2021-01-01,WB_BPS_SIZE_S,Size: Small (5-19),45.46,,-44.69,81.23,,8.49,3.9,13.32,,13.0675,,29.13,,,,99.75,12.22,,46.34,7.3,41.4025,-0.767450374313357,44.69,-0.352895484295485,-1.34611400359671,2.06
MLI,Mali,2020-06,2020-06-01,WB_BPS_SIZE_M,Size: Medium (20-99),,,,,,,,,,,8.51,,,,,,,,,,,,,,,
MLI,Mali,2020-06,2020-06-01,WB_BPS_SIZE_S,Size: Small (5-19),,,,,24.72,,,,,,6.43,,,,,,,,,,,,,,,
MWI,Malawi,2020-11,2020-11-01,WB_BPS_SIZE_L,Size: Large (100+),28.89,40,-21.36,73.33,21.17,2.22,20,2.22,,,5.89,51.11,27,,,,,,,,,0.0542352727627607,21.36,-0.547431879773387,,
MWI,Malawi,2020-11,2020-11-01,WB_BPS_SIZE_M,Size: Medium (20-99),28.24,47.93,-30.75,80,20.56,5.29,8.24,5.88,5.88,,2.34,42.35,20.56,,,,,,,,,-0.40073723229623,30.75,-0.488205984465625,,
MWI,Malawi,2020-11,2020-11-01,WB_BPS_SIZE_MI,Size: Micro (0-4),27.89,35.14,-39.89,88.63,,3.88,3.88,3.03,3.12,,,,,,,,,,,,,,39.89,-0.545601624885626,,
MWI,Malawi,2020-11,2020-11-01,WB_BPS_SIZE_S,Size: Small (5-19),24.34,42.92,-32.74,80.88,24.83,5.92,8.11,3.95,3.51,,2.36,37.72,16.78,,,,,,,,,-0.573613124829246,32.74,-0.534875418478445,,
MYS,Malaysia,2020-10,2020-10-01,WB_BPS_SIZE_L,Size: Large (100+),95.58,62.52,-4.45,37.32,,67.1,51.39,73.65,64.16,53.6025,29.65,53.52,37.27,,,71.03,57.78,70.2,68.05,49.34,63.28,1.28457388446415,4.45,0.999332737138112,1.28457388446415,95.58
MYS,Malaysia,2021-07,2021-07-01,WB_BPS_SIZE_L,Size: Large (100+),90.4,59.44,-12.62,49.94,,65.9,47.92,67.57,57.98,58.9833333333333,46.02,56.12,34.63,76.01,45.12,,,,,,,1.97052975753143,12.62,1.11829681861874,1.28457388446415,95.58
MYS,Malaysia,2020-10,2020-10-01,WB_BPS_SIZE_M,Size: Medium (20-99),97.73,63.75,-5.95,35.6,,57.28,47.25,62.46,59.87,53.3175,31.33,63.11,37.39,,,84.16,63.04,82.51,72.28,52.81,70.96,1.60059331945443,5.95,0.772073411727569,1.60059331945443,97.73
MYS,Malaysia,2021-07,2021-07-01,WB_BPS_SIZE_M,Size: Medium (20-99),93.56,63.43,-15.77,50.11,,67.6,41.67,64.29,54.09,54.6633333333333,38.45,52.41,31.43,76.28,64.08,,,,,,,1.5181847674039,15.77,1.20907497388633,1.60059331945443,97.73
MYS,Malaysia,2020-10,2020-10-01,WB_BPS_SIZE_MI,Size: Micro (0-4),74.53,49.53,-18.33,45.28,,29.25,16.51,40.57,28.77,33.1375,,,,,,71.43,39.52,68.57,43.33,51.43,54.856,,18.33,-0.117264215404263,,74.53
MYS,Malaysia,2021-07,2021-07-01,WB_BPS_SIZE_MI,Size: Micro (0-4),69.42,50.7,-37.22,66.44,,30.34,7.03,35.38,33.33,29.32,,,,67.15,57.51,,,,,,,,37.22,0.462203898711008,,74.53
MYS,Malaysia,2020-10,2020-10-01,WB_BPS_SIZE_S,Size: Small (5-19),86.36,53.64,-12.45,44.55,,44.55,25,48.64,39.55,43.5225,24.47,57.27,34.5,,,82.33,51.63,75.35,55.81,48.37,62.698,1.10739590640737,12.45,0.213445894622708,1.10739590640737,86.36
MYS,Malaysia,2021-07,2021-07-01,WB_BPS_SIZE_S,Size: Small (5-19),91.1,52.77,-26.95,61.53,,35.84,17.52,59.7,50.21,52.39,38.03,61.67,28.88,64.08,37.58,,,,,,,1.58657263599764,26.95,0.597596774491492,1.10739590640737,86.36
NGA,Nigeria,2020-08,2020-08-01,WB_BPS_SIZE_M,Size: Medium (20-99),,55.47,-50.13,88.28,15.72,,33.78,58.11,48.65,3.285,12.88,55.78,,,,,,,,,,0.313867909921836,50.13,1.15343242156582,,
NGA,Nigeria,2020-08,2020-08-01,WB_BPS_SIZE_MI,Size: Micro (0-4),,,-45.52,88.23,,,14.39,51.7,36.5,,,,,,,,,,,,,,45.52,0.710697466909991,,
NGA,Nigeria,2020-08,2020-08-01,WB_BPS_SIZE_S,Size: Small (5-19),,43.33,-47.43,89.09,16.34,,27,52.13,50.34,4.42333333333333,11.15,33.91,,,,,,,,,,-0.328914376200316,47.43,0.919343751820285,,
NPL,Nepal,2021-06,2021-06-01,WB_BPS_SIZE_L,Size: Large (100+),10.46,55.69,-38.69,72.38,-4.89,,11.38,,,5.23,16.11,47.69,,37.11,,,,,,,,0.312842311031058,38.69,0.182493590897635,,
NPL,Nepal,2020-06,2020-06-01,WB_BPS_SIZE_M,Size: Medium (20-99),1.56,84.38,-67.27,87.3,-28.59,56.25,3.12,42.19,23.44,1.56,6.23,20.31,1.7,,,,,,,,,-1.09134096262977,67.27,0.831961683596866,-1.09134096262977,1.56
NPL,Nepal,2021-06,2021-06-01,WB_BPS_SIZE_M,Size: Medium (20-99),11.26,72.26,-63.25,85.47,-9.5,,11.03,,,2.64,13.71,41.3,,35.3,,,,,,,,0.00913394563837802,63.25,0.719039711413611,-1.09134096262977,1.56
NPL,Nepal,2020-06,2020-06-01,WB_BPS_SIZE_MI,Size: Micro (0-4),2.4,80.77,-66.22,88.89,-30.33,32.21,1.92,16.35,8.65,1.2,,,,,,,,,,,,,66.22,0.303805709913943,,2.4
NPL,Nepal,2021-06,2021-06-01,WB_BPS_SIZE_MI,Size: Micro (0-4),9.66,70.09,-62.76,87.82,-8.99,,3.81,,,2.5375,,,,40.16,37.26,,,,,,,,62.76,0.529228396528652,,2.4
NPL,Nepal,2020-06,2020-06-01,WB_BPS_SIZE_S,Size: Small (5-19),2.35,85.45,-63.13,88.63,-25.2,60.09,6.57,36.62,23,1.88,6.52,18.31,4.98,,,,,,,,,-1.02729182031095,63.13,0.834932018716235,-1.02729182031095,2.35
NPL,Nepal,2021-06,2021-06-01,WB_BPS_SIZE_S,Size: Small (5-19),7.82,76.57,-66.68,91.97,-11.27,,12.92,,,2.06,9.8,28.61,,40.16,29.62,,,,,,,-0.541626492299968,66.68,0.682485069347526,-1.02729182031095,2.35
PAK,Pakistan,2020-07,2020-07-01,WB_BPS_SIZE_L,Size: Large (100+),20.45,45.45,-22.14,51.16,,41.38,17.24,27.06,14.12,3.636,,54.55,20.49,,,,,,,,,0.161100162393127,22.14,-0.213873215531066,0.161100162393127,20.45
PAK,Pakistan,2021-01,2021-01-01,WB_BPS_SIZE_L,Size: Large (100+),32.96,25.7,-12.11,42.87,,21.32,9.95,12.54,6.27,10.91,,75.96,,,,,,,,,,0.212879665580873,12.11,-0.887242465599103,0.161100162393127,20.45
PAK,Pakistan,2021-07,2021-07-01,WB_BPS_SIZE_L,Size: Large (100+),23.02,28.51,-10.53,55.52,8.64,16.42,21.66,8.77,6.13,3.675,9.1,63.16,,26.62,,,,,,,,0.263814937738384,10.53,-0.637022366567487,0.161100162393127,32.96
PAK,Pakistan,2020-07,2020-07-01,WB_BPS_SIZE_M,Size: Medium (20-99),12.21,54.46,-53.37,86.08,,31.43,24.17,32.2,14.63,3.6,,58.02,31.73,,,,,,,,,0.682997250189005,53.37,0.397502384431872,0.682997250189005,12.21
PAK,Pakistan,2021-01,2021-01-01,WB_BPS_SIZE_M,Size: Medium (20-99),19.6,53.51,-30,61.96,,13.24,22.13,21.39,3.34,4.61,4.41,69.73,28.94,,,,,,,,,0.34889387789932,30,-0.298629591182291,0.682997250189005,12.21
PAK,Pakistan,2021-07,2021-07-01,WB_BPS_SIZE_M,Size: Medium (20-99),23.66,35.64,-30.82,64.27,11.75,23.55,19.91,13.22,6.08,8.365,15.37,63.79,,21.75,56.83,,,,,,,0.662856027263962,30.82,-0.216488551604994,0.34889387789932,19.6
PAK,Pakistan,2020-07,2020-07-01,WB_BPS_SIZE_MI,Size: Micro (0-4),9.49,54.24,-53.1,78.51,,13.57,10.48,20.79,4.81,2.6,,,,,,,,,,,,,53.1,-0.103524215483995,,9.49
PAK,Pakistan,2021-01,2021-01-01,WB_BPS_SIZE_MI,Size: Micro (0-4),20.17,44.21,-36.79,72.29,1.88,12.42,9.31,5.23,2.85,6,,,,,,,,,,,,,36.79,-0.499974484623191,,9.49
PAK,Pakistan,2021-07,2021-07-01,WB_BPS_SIZE_MI,Size: Micro (0-4),19.69,37.05,-39.8,69.34,5.7,15.22,13.33,11.22,4.11,4.03333333333333,,,,26.37,56.93,,,,,,,,39.8,-0.219523100808873,,20.17
PAK,Pakistan,2020-07,2020-07-01,WB_BPS_SIZE_S,Size: Small (5-19),12.21,56.49,-59.81,82.67,,28.94,21.39,30.81,9.14,2.67,,34.86,30.16,,,,,,,,,0.0533791474027052,59.81,0.328497882019291,0.0533791474027052,12.21
PAK,Pakistan,2021-01,2021-01-01,WB_BPS_SIZE_S,Size: Small (5-19),19.12,51.47,-34.81,73.87,10.59,20.32,17.9,14.6,4.89,10.22,7.48,51.14,21.13,,,,,,,,,-0.0324700118303374,34.81,-0.218214725559353,0.0533791474027052,12.21
PAK,Pakistan,2021-07,2021-07-01,WB_BPS_SIZE_S,Size: Small (5-19),20.48,43.83,-36.87,72.07,11.78,20.01,19.44,16.77,8.3,3.38,5.72,59.72,,31.96,51.68,,,,,,,-0.027418093490658,36.87,-0.0480174322809883,-0.0324700118303374,19.12
PHL,Philippines,2020-07,2020-07-01,WB_BPS_SIZE_L,Size: Large (100+),43.81,,-49.22,82.78,,,,,,10.515,21.95,35.69,,,,,,,,,,0.375488515395362,49.22,,0.375488515395362,43.81
PHL,Philippines,2020-12,2020-12-01,WB_BPS_SIZE_L,Size: Large (100+),27.13,72.91,-46.75,87.1,,52.31,67.25,60.71,47.53,2.775,,56.05,,,,,,,,,,0.887717201251069,46.75,1.58624241170258,0.375488515395362,43.81
PHL,Philippines,2021-05,2021-05-01,WB_BPS_SIZE_L,Size: Large (100+),36.17,72.11,-50.61,85.39,-5.02,58.61,55.52,50.43,77,,21.51,78.24,,60.77,,,,,,,,1.39325008729167,50.61,1.73103259626807,0.375488515395362,27.13
PHL,Philippines,2020-07,2020-07-01,WB_BPS_SIZE_M,Size: Medium (20-99),35.6,,-56.77,90.72,,,,,,9.8925,15.45,40.02,,,,,,,,,,0.0841538665681743,56.77,,0.0841538665681743,35.6
PHL,Philippines,2020-12,2020-12-01,WB_BPS_SIZE_M,Size: Medium (20-99),29.14,82.72,-51.76,87.51,,61.75,63.84,74.65,60.21,4.982,,56.77,,,,,,,,,,0.237429102740004,51.76,1.94534215014907,0.0841538665681743,35.6
PHL,Philippines,2021-05,2021-05-01,WB_BPS_SIZE_M,Size: Medium (20-99),27.49,84.06,-55.98,95.21,-11.69,48.33,52.51,44.94,39,,11.92,61.22,,51.64,,,,,,,,0.388700741053379,55.98,1.41922245297453,0.0841538665681743,29.14
PHL,Philippines,2020-07,2020-07-01,WB_BPS_SIZE_MI,Size: Micro (0-4),20.87,,-57.49,92.43,,,,,,5,,,,,,,,,,,,,57.49,,,20.87
PHL,Philippines,2020-12,2020-12-01,WB_BPS_SIZE_MI,Size: Micro (0-4),14.28,77.84,-56.42,87.51,,33.81,38.16,46.66,37.23,1.712,,,,,,,,,,,,,56.42,1.06930024948304,,20.87
PHL,Philippines,2021-05,2021-05-01,WB_BPS_SIZE_MI,Size: Micro (0-4),15.8,76.74,-53.7,88.6,-5.99,30.84,29.92,36.67,35.1,,,,,57.58,,,,,,,,,53.7,0.961063006269109,,14.28
PHL,Philippines,2020-07,2020-07-01,WB_BPS_SIZE_S,Size: Small (5-19),24.02,,-61.06,93.75,,,,,,6.55,12.79,21.88,,,,,,,,,,-0.52394388340786,61.06,,-0.52394388340786,24.02
PHL,Philippines,2020-12,2020-12-01,WB_BPS_SIZE_S,Size: Small (5-19),23.91,83.17,-54.57,90.49,,55.67,56.98,68.6,46.76,4.048,,61.7,,,,,,,,,,-0.0842535577399561,54.57,1.71370641009957,-0.52394388340786,24.02
PHL,Philippines,2021-05,2021-05-01,WB_BPS_SIZE_S,Size: Small (5-19),32.19,80.65,-58.2,91.41,-3.53,37.12,38.43,41.48,35.2,,11.19,61.45,,54.29,,,,,,,,0.349689181971505,58.2,1.15798946511089,-0.52394388340786,23.91
POL,Poland,2020-06,2020-06-01,WB_BPS_SIZE_L,Size: Large (100+),48.97,18.04,-17.71,62.78,-8.79,60.11,35.26,30.69,20.83,16.186,5.74,40.21,12.06,,,,,,,,,-0.517263179023806,17.71,0.050928055824434,-0.517263179023806,48.97
POL,Poland,2020-09,2020-09-01,WB_BPS_SIZE_L,Size: Large (100+),62.42,7.64,-4.63,36.91,,61.14,42.18,2.41,0.57,21.718,1.82,37.23,8.58,,,,48.36,82.09,64.51,29.18,56.035,-0.460389625885798,4.63,-0.635272362013139,-0.517263179023806,48.97
POL,Poland,2021-02,2021-02-01,WB_BPS_SIZE_L,Size: Large (100+),70.88,4.57,1.59,31.63,6.56,61.05,34.12,,2.12,7.73333333333333,3.42,39.44,11.6,8.05,,,,,,,,-0.636400073205788,-1.59,-0.792960387161315,-0.460389625885798,62.42
POL,Poland,2020-06,2020-06-01,WB_BPS_SIZE_M,Size: Medium (20-99),63.25,26.68,-22.62,69.74,-10.77,63.12,29.08,23.87,22.47,22.094,6.6,33.48,10.72,,,,,,,,,-0.627052931856454,22.62,0.122167253287396,-0.627052931856454,63.25
POL,Poland,2020-09,2020-09-01,WB_BPS_SIZE_M,Size: Medium (20-99),79.05,18.86,-9.04,45.5,,49.7,29.56,3.13,3.81,29.122,4.91,36.2,12.56,,,97.03,38.09,73.18,47.13,25.29,56.144,-0.299148473619422,9.04,-0.632299700672991,-0.627052931856454,63.25
POL,Poland,2021-02,2021-02-01,WB_BPS_SIZE_M,Size: Medium (20-99),77.99,13.1,-6.27,43.15,3.07,51.1,26.3,4.47,1.64,7.695,7.17,42.25,10.59,6.46,,,,,,,,-0.463627094948119,6.27,-0.798612695568221,-0.299148473619422,79.05
POL,Poland,2020-06,2020-06-01,WB_BPS_SIZE_MI,Size: Micro (0-4),71.43,,-32.49,67.5,,8.93,2.68,13.1,5.36,21.548,,,,,,,,,,,,,32.49,-0.686589234601989,,71.43
POL,Poland,2020-09,2020-09-01,WB_BPS_SIZE_MI,Size: Micro (0-4),84.74,15.12,-18.26,50.58,,5.99,1.5,9.16,0.14,28.052,,,,,,84.92,33.52,73.1,17.02,33.54,48.42,,18.26,-1.13119097319671,,71.43
POL,Poland,2021-02,2021-02-01,WB_BPS_SIZE_MI,Size: Micro (0-4),89.83,14.8,-23.24,60.04,-1.39,7.43,3.11,13.49,3.11,12.97,,,,7.39,,,,,,,,,23.24,-0.960596971373982,,84.74
POL,Poland,2020-06,2020-06-01,WB_BPS_SIZE_S,Size: Small (5-19),74.16,28.66,-30.57,75.81,-11.89,42.13,8.43,21.75,14.89,25.844,8.83,32.76,12.79,,,,,,,,,-0.494273009409785,30.57,-0.200438384467381,-0.494273009409785,74.16
POL,Poland,2020-09,2020-09-01,WB_BPS_SIZE_S,Size: Small (5-19),89.1,20.99,-14.59,55.78,,43.63,15.38,3.54,3.39,34.466,4.93,35.58,12,,,99.56,34.26,71.84,43.47,22.89,54.404,-0.34978165569081,14.59,-0.686206477002052,-0.494273009409785,74.16
POL,Poland,2021-02,2021-02-01,WB_BPS_SIZE_S,Size: Small (5-19),84.01,31.29,-25.29,68.36,-1.21,43.72,9.11,3.23,1.74,8.4975,7.56,44.9,17.71,5.85,,,,,,,,-0.219926522711426,25.29,-0.604153940472842,-0.34978165569081,89.1
PRY,Paraguay,2021-07,2021-07-01,WB_BPS_SIZE_M,Size: Medium (20-99),27.27,6.25,-22.33,65.15,30.56,21.88,15.62,25,17.19,8.08,2.6,60,39.54,18.75,,,,,,,,0.390373342906572,22.33,-0.517373794076865,,
PRY,Paraguay,2021-07,2021-07-01,WB_BPS_SIZE_MI,Size: Micro (0-4),23.7,7.88,-33.54,71.68,23.68,3.03,1.21,11.52,8.48,5.925,,,,21.95,,,,,,,,,33.54,-0.769375580641705,,
PRY,Paraguay,2021-07,2021-07-01,WB_BPS_SIZE_S,Size: Small (5-19),17.04,10.45,-26.97,67.41,28.15,17.16,5.22,16.42,11.19,4.19666666666667,4.47,57.46,33.59,14.93,,,,,,,,0.27095002790813,26.97,-0.699460039174338,,
PSE,West Bank and Gaza,2020-08,2020-08-01,WB_BPS_SIZE_M,Size: Medium (20-99),,,-45.9,87.45,,6.69,29.3,5.39,26.01,,15.93,27.54,,,,,,,,,,-0.19288809806424,45.9,0.0578864505001705,-0.19288809806424,
PSE,West Bank and Gaza,2021-07,2021-07-01,WB_BPS_SIZE_M,Size: Medium (20-99),,,,,,,,,,,,63.64,,,,,,,,,,-0.19288809806424,,,-0.19288809806424,
PSE,West Bank and Gaza,2020-08,2020-08-01,WB_BPS_SIZE_MI,Size: Micro (0-4),,,-42.58,82.7,,9.14,8.82,2.66,7.78,,,,,,,,,,,,,,42.58,-0.454181980643229,,
PSE,West Bank and Gaza,2020-08,2020-08-01,WB_BPS_SIZE_S,Size: Small (5-19),,,-46.2,84.84,,15.83,35.1,8.62,13.37,,9.79,19.14,,,,,,,,,,-0.7747437798283,46.2,0.0784813760765182,-0.7747437798283,
PSE,West Bank and Gaza,2021-07,2021-07-01,WB_BPS_SIZE_S,Size: Small (5-19),,,,,,,,,,,,38.64,,,,,,,,,,-0.7747437798283,,,-0.7747437798283,
ROU,Romania,2020-06,2020-06-01,WB_BPS_SIZE_L,Size: Large (100+),44.34,27.36,-18.08,55,6.66,27.36,9.43,19.81,16.98,17.9266666666667,5.8,33.96,11.33,,,,,,,,,-0.636023525438447,18.08,-0.550834671463876,-0.636023525438447,44.34
ROU,Romania,2020-11,2020-11-01,WB_BPS_SIZE_L,Size: Large (100+),64.86,32.04,-15,40.2,2.67,35.8,16.06,10.68,11.69,9.558,12.13,72.02,29.22,,,98.27,45.68,55.35,43.41,10.74,50.69,0.582390520513321,15,-0.643370537815187,-0.636023525438447,44.34
ROU,Romania,2021-05,2021-05-01,WB_BPS_SIZE_L,Size: Large (100+),49.77,36.89,1.1,18.5,7.14,58.12,38.8,13.52,6.39,13.8625,8.68,51.79,23.62,27.39,,,,,,,,0.0916050792961189,-1.1,-0.462173957875428,0.582390520513321,64.86
ROU,Romania,2020-06,2020-06-01,WB_BPS_SIZE_M,Size: Medium (20-99),40.89,39.16,-25.54,61.74,6.17,18.21,9.58,21.73,26.52,10.096,5.17,38.98,10.53,,,,,,,,,-0.600272102152811,25.54,-0.322049871088075,-0.600272102152811,40.89
ROU,Romania,2020-11,2020-11-01,WB_BPS_SIZE_M,Size: Medium (20-99),54.09,37.4,-15.89,44.45,0.85,24.36,17.16,11.55,12.2,8.266,8.47,77.8,18.25,,,90.93,36.99,54.4,47.2,21.03,50.11,0.317368678795951,15.89,-0.622895467932445,-0.600272102152811,40.89
ROU,Romania,2021-05,2021-05-01,WB_BPS_SIZE_M,Size: Medium (20-99),46.39,22.52,-14.8,44.62,10.05,39.77,14.16,25.29,14.33,9.615,3.32,75.9,18.48,9.32,6.96,,,,,,,0.134497467063401,14.8,-0.763830266349129,0.317368678795951,54.09
ROU,Romania,2020-06,2020-06-01,WB_BPS_SIZE_MI,Size: Micro (0-4),27.57,,-43.15,71.23,,8.88,6.07,18.22,27.57,7.395,,,,,,,,,,,,,43.15,-0.243901297952508,,27.57
ROU,Romania,2020-11,2020-11-01,WB_BPS_SIZE_MI,Size: Micro (0-4),31.44,42.1,-31.69,67.99,0.69,10.44,10.94,24.07,18.34,4.128,,,,,,91.64,15,49.43,38.8,20.57,43.088,,31.69,-0.302124741997772,,27.57
ROU,Romania,2021-05,2021-05-01,WB_BPS_SIZE_MI,Size: Micro (0-4),30.99,20.03,-24.76,63.2,12.75,7.75,16.72,9.48,8.55,3.6475,,,,3.41,,,,,,,,,24.76,-0.78456832299559,,31.44
ROU,Romania,2020-06,2020-06-01,WB_BPS_SIZE_S,Size: Small (5-19),38.87,48.6,-40.84,73.88,6.02,21.26,12.29,34.22,39.53,10.8775,6.23,42.28,9.52,,,,,,,,,-0.529187811770876,40.84,0.212168163371366,-0.529187811770876,38.87
ROU,Romania,2020-11,2020-11-01,WB_BPS_SIZE_S,Size: Small (5-19),47.9,42.13,-27.36,60.82,2.01,24.08,16.76,29.57,22.14,5.734,5.26,61.71,16.31,,,92.37,32.01,54.1,41.33,19.58,47.878,-0.0580419342940766,27.36,-0.158916778315082,-0.529187811770876,38.87
ROU,Romania,2021-05,2021-05-01,WB_BPS_SIZE_S,Size: Small (5-19),50.47,24.61,-22.77,59.12,14.3,20.16,20.55,19.2,14.96,8.03333333333333,6.23,69.42,10.74,5.37,,,,,,,,-0.0533638942197522,22.77,-0.558082504020997,-0.0580419342940766,47.9
SDN,Sudan,2020-07,2020-07-01,WB_BPS_SIZE_MI,Size: Micro (0-4),,59.82,-46.17,79.35,,,6.69,1.06,4.58,,,,,,,,,,,,,,46.17,-0.214339089920299,,
SDN,Sudan,2020-07,2020-07-01,WB_BPS_SIZE_S,Size: Small (5-19),,54.05,-56.28,86.05,,,8.77,15.79,15.79,,,4.65,,,,,,,,,,,56.28,0.157830636615378,,
SEN,Senegal,2020-05,2020-05-01,WB_BPS_SIZE_L,Size: Large (100+),9.31,54.5,-38.63,87.74,-19.55,64.47,14.87,67.36,25.83,3.14,15.69,61.16,17.52,,,,,,,,,0.372867514115326,38.63,0.799856984689996,0.372867514115326,9.31
SEN,Senegal,2020-12,2020-12-01,WB_BPS_SIZE_L,Size: Large (100+),17.32,55.76,-34.48,70.15,10.4,10.38,14.91,9.01,5.12,4.52,11.61,69.92,21.06,,,84.95,30.86,1.15,,3.01,29.9925,-0.00743952684232596,34.48,-0.358979098978073,0.372867514115326,9.31
SEN,Senegal,2020-05,2020-05-01,WB_BPS_SIZE_M,Size: Medium (20-99),2.31,64.13,-54.53,85.17,-11.08,39.8,4.33,67.2,14.52,,8.64,28.09,4.92,,,,,,,,,-0.782306132101318,54.53,0.58545520241932,-0.782306132101318,2.31
SEN,Senegal,2020-12,2020-12-01,WB_BPS_SIZE_M,Size: Medium (20-99),13.93,46.52,-28.3,65.52,9.45,9.19,7.58,15.69,0.79,1.776,2.85,41.11,11.23,,,72.59,25.98,4.04,,2.17,26.195,-0.891506395463118,28.3,-0.578167900518552,-0.782306132101318,2.31
SEN,Senegal,2020-05,2020-05-01,WB_BPS_SIZE_MI,Size: Micro (0-4),4.47,60.76,-59.73,91.94,-8.44,11.33,13.62,48.79,22.99,2.34,,,,,,,,,,,,,59.73,0.486513443887356,,4.47
SEN,Senegal,2020-12,2020-12-01,WB_BPS_SIZE_MI,Size: Micro (0-4),21.53,64.79,-42.26,79.36,13.6,9.39,11.54,12.74,11.54,2.11,,,,,,79.66,15.23,3.91,,,32.9333333333333,,42.26,-0.122354294430936,,4.47
SEN,Senegal,2020-05,2020-05-01,WB_BPS_SIZE_S,Size: Small (5-19),0.83,72.63,-51.8,90.92,-4.15,31.29,8.41,72.33,23.87,0.415,2.54,24.66,6.85,,,,,,,,,-1.0372400241911,51.8,0.774793651514094,-1.0372400241911,0.83
SEN,Senegal,2020-12,2020-12-01,WB_BPS_SIZE_S,Size: Small (5-19),11.19,61.31,-35.4,76.2,15.59,12.91,13.12,14.94,6.82,1.5225,0.52,40.32,9.46,,,81.65,18.49,5.58,1.29,0.18,21.438,-1.09640851173514,35.4,-0.207120284909097,-1.0372400241911,0.83
SLE,Sierra Leone,2020-10,2020-10-01,WB_BPS_SIZE_MI,Size: Micro (0-4),4,48.99,-37.54,91.74,,19.19,11.95,20.64,17.49,,,,,,,,,,,,,,37.54,0.0101893714775115,,4
SLE,Sierra Leone,2021-03,2021-03-01,WB_BPS_SIZE_MI,Size: Micro (0-4),7.05,50.09,-37.2,83.79,,5.13,7.99,20.45,10.47,1.144,,,,,,58.74,4.15,72.58,16.65,1.14,30.652,,37.2,-0.247866166789138,,4
SLE,Sierra Leone,2020-10,2020-10-01,WB_BPS_SIZE_S,Size: Small (5-19),9.89,53.33,-39.38,88.64,,41.11,25.56,43.33,34.44,,,41.76,,,,,,,,,,,39.38,0.646777635505936,,9.89
SLE,Sierra Leone,2021-03,2021-03-01,WB_BPS_SIZE_S,Size: Small (5-19),10.65,72.06,-47.39,88.36,,25.15,11.46,31.15,16.12,1.42,,,,,,76.4,7.18,72.57,21.9,2.64,36.138,,47.39,0.325599202822118,,9.89
TGO,Togo,2020-06,2020-06-01,WB_BPS_SIZE_S,Size: Small (5-19),4.05,,-45.34,97.9,,59.61,,77.14,53.5,2.45666666666667,,42.67,7.27,,,,,,,,,-0.644205540867971,45.34,1.64490860074116,,
TJK,Tajikistan,2020-08,2020-08-01,WB_BPS_SIZE_M,Size: Medium (20-99),27.67,22.79,-18.39,60.33,,25.31,7.76,4.38,2.72,2.798,1.87,35.52,6.43,,,,,,,,,-0.897688987920991,18.39,-0.815574041428805,-0.897688987920991,27.67
TJK,Tajikistan,2021-06,2021-06-01,WB_BPS_SIZE_M,Size: Medium (20-99),22.88,22.41,-10,46.06,5.35,54.03,32.21,6.04,3.51,6.825,1.86,,,6.74,48.64,,,,,,,-0.897688987920991,10,-0.46962075458519,-0.897688987920991,27.67
TJK,Tajikistan,2020-08,2020-08-01,WB_BPS_SIZE_MI,Size: Micro (0-4),15.66,,-29.51,64.99,,8.64,5.77,7.88,5.49,1.828,,,,,,,,,,,,,29.51,-0.744974624569942,,15.66
TJK,Tajikistan,2021-06,2021-06-01,WB_BPS_SIZE_MI,Size: Micro (0-4),14.97,23.83,-22.9,53.67,4.41,24.32,9.81,8.94,6.11,2.66,,,,11.43,31.26,,,,,,,,22.9,-0.740760656667539,,15.66
TJK,Tajikistan,2020-08,2020-08-01,WB_BPS_SIZE_S,Size: Small (5-19),21.54,27.69,-26.86,61.93,,19,9.89,11.28,5.49,2.348,3.77,24.59,3.56,,,,,,,,,-1.07343799486953,26.86,-0.649923532966657,-1.07343799486953,21.54
TJK,Tajikistan,2021-06,2021-06-01,WB_BPS_SIZE_S,Size: Small (5-19),19.8,23.02,-10.68,45.35,8.08,43.91,14.68,6.89,5.49,2.4525,4.48,,,7.69,35.62,,,,,,,-1.07343799486953,10.68,-0.730111123029177,-1.07343799486953,21.54
TUN,Tunisia,2020-06,2020-06-01,WB_BPS_SIZE_L,Size: Large (100+),32.44,,-62.16,80.94,,58.74,13.76,18.66,21.08,6.862,13.98,54.22,4.82,,,,,,,,,-0.139417453948568,62.16,0.44150501476721,-0.139417453948568,32.44
TUN,Tunisia,2020-09,2020-09-01,WB_BPS_SIZE_L,Size: Large (100+),54.28,,-35.51,76.17,,39.52,25.24,11.92,17.97,10.592,,,,,,,,,,,,-0.139417453948568,35.51,0.0574295279651067,-0.139417453948568,32.44
TUN,Tunisia,2020-06,2020-06-01,WB_BPS_SIZE_M,Size: Medium (20-99),18.42,,-69.22,88.62,,53.45,8.79,23.02,27.4,3.59,24.54,37.34,2.49,,,,,,,,,-0.0453789701507932,69.22,0.573221740658808,-0.0453789701507932,18.42
TUN,Tunisia,2020-09,2020-09-01,WB_BPS_SIZE_M,Size: Medium (20-99),34.23,,-38.84,78.5,,45,18.65,24.12,14.37,6.41,,,,,,,,,,,,-0.0453789701507932,38.84,0.142822901977258,-0.0453789701507932,18.42
TUN,Tunisia,2020-06,2020-06-01,WB_BPS_SIZE_MI,Size: Micro (0-4),9.97,,-68.25,89.53,,33.71,4.73,10.46,9.87,1.904,,,,,,,,,,,,,68.25,0.0710141070796978,,9.97
TUN,Tunisia,2020-09,2020-09-01,WB_BPS_SIZE_MI,Size: Micro (0-4),21.07,,-49.84,87.06,,20.52,11.46,29.51,10.61,3.204,,,,,,,,,,,,,49.84,0.0391935242536788,,9.97
TUN,Tunisia,2020-06,2020-06-01,WB_BPS_SIZE_S,Size: Small (5-19),7.02,,-69.79,88.33,,58.63,17.27,17.54,24.48,1.39,17.86,17.99,1.51,,,,,,,,,-0.659917887979737,69.79,0.640976318439517,-0.659917887979737,7.02
TUN,Tunisia,2020-09,2020-09-01,WB_BPS_SIZE_S,Size: Small (5-19),16.5,,-46.5,83.08,,41.63,21.11,25.86,16.41,2.638,,,,,,,,,,,,-0.659917887979737,46.5,0.289579267463699,-0.659917887979737,7.02
TUR,Turkiye,2020-06,2020-06-01,WB_BPS_SIZE_L,Size: Large (100+),45.34,23.38,-27.39,75.47,-15.03,82.78,40,50.72,16.28,15.976,9.61,58.86,10.14,,,,,,,,,-0.10389966413911,27.39,0.576309958494929,-0.10389966413911,45.34
TUR,Turkiye,2021-03,2021-03-01,WB_BPS_SIZE_L,Size: Large (100+),63.88,15.84,-5.54,35.3,,35.77,25.24,10.3,2.76,17.774,6.43,56.26,6.34,,,85.74,65.56,66.76,80.72,42.45,68.246,0.100586382574418,5.54,-0.854333323784696,-0.10389966413911,45.34
TUR,Turkiye,2021-12,2021-12-01,WB_BPS_SIZE_L,Size: Large (100+),67.66,73.3,9.73,33.88,10.49,53.62,22.81,16.88,6.12,7.08,2.34,95.12,,34.76,23.97,,,,,,,0.634940711934852,-9.73,-0.369551526666521,0.100586382574418,63.88
TUR,Turkiye,2020-06,2020-06-01,WB_BPS_SIZE_M,Size: Medium (20-99),43.47,36.94,-31.5,68.62,-17.12,66.67,34.06,48.58,24.07,13.292,9.57,43.93,11.95,,,,,,,,,-0.303021210547787,31.5,0.530718222720151,-0.303021210547787,43.47
TUR,Turkiye,2021-03,2021-03-01,WB_BPS_SIZE_M,Size: Medium (20-99),53.76,27.95,-23.4,60.33,,37.18,22.33,16.35,3.57,14.454,4.55,40.77,6.95,,,85.95,42.27,54.78,74.74,37.75,59.098,-0.307432113770776,23.4,-0.410083748097889,-0.303021210547787,43.47
TUR,Turkiye,2021-12,2021-12-01,WB_BPS_SIZE_M,Size: Medium (20-99),63.62,64.28,-2.14,38.18,9.95,49.07,27.23,12.83,6.94,4.77,2.14,88.83,,36.14,20.75,,,,,,,0.468274704154396,2.14,-0.346143991580238,-0.307432113770776,53.76
TUR,Turkiye,2020-06,2020-06-01,WB_BPS_SIZE_MI,Size: Micro (0-4),27.95,,-48.42,81.09,,35.1,14.9,45.29,20.73,7.172,,,,,,,,,,,,,48.42,0.377656670828811,,27.95
TUR,Turkiye,2021-03,2021-03-01,WB_BPS_SIZE_MI,Size: Micro (0-4),36.22,45.74,-42.38,77.02,,13.91,9.73,22.71,4.82,8.534,,,,,,70.42,39.48,51.41,65.06,37.26,52.726,,42.38,-0.246180663495031,,27.95
TUR,Turkiye,2021-12,2021-12-01,WB_BPS_SIZE_MI,Size: Micro (0-4),41.71,56.75,-29.56,67.58,9.73,30.44,15.19,22.25,8.2,5.045,,,,36.29,44.01,,,,,,,,29.56,-0.0193409889832663,,36.22
TUR,Turkiye,2020-06,2020-06-01,WB_BPS_SIZE_S,Size: Small (5-19),37.7,50.69,-44.15,78.87,-19.48,57.49,25.72,60.69,30.21,10.932,9.35,43.36,16.55,,,,,,,,,-0.2021756378574,44.15,0.798157876267776,-0.2021756378574,37.7
TUR,Turkiye,2021-03,2021-03-01,WB_BPS_SIZE_S,Size: Small (5-19),43.75,37.6,-34.18,71.49,,30.27,14.83,25.82,7.38,10.626,7.36,35.95,7.78,,,86.45,37.36,61.62,65.12,43.15,58.74,-0.271265168421114,34.18,-0.195099901994531,-0.2021756378574,37.7
TUR,Turkiye,2021-12,2021-12-01,WB_BPS_SIZE_S,Size: Small (5-19),54.53,62.21,-15.22,52.9,10.86,43.28,24.52,17.01,7.5,6.18,3.64,77.34,,41.24,29.61,,,,,,,0.277938529311641,15.22,-0.122748108153477,-0.271265168421114,43.75
TZA,Tanzania,2020-06,2020-06-01,WB_BPS_SIZE_M,Size: Medium (20-99),60.53,56.32,-37.11,82.76,5.59,,26.14,21.59,13.64,5.334,4.69,34.48,,,,,,,,,,-0.710116746137029,37.11,0.218618216775561,-0.710116746137029,
TZA,Tanzania,2020-12,2020-12-01,WB_BPS_SIZE_M,Size: Medium (20-99),60.53,47.72,-23.19,63.02,9.52,12.67,14.23,9.16,3.75,8.586,8.92,49.43,10.23,,,66.3,7.44,19.06,29.63,,30.6075,-0.540063550306303,23.19,-0.557339132130518,-0.710116746137029,
TZA,Tanzania,2020-06,2020-06-01,WB_BPS_SIZE_MI,Size: Micro (0-4),56.27,39.83,-35.51,79.79,,,12.16,7.76,6.92,,,,,,,,,,,,,,35.51,-0.319397386926543,,
TZA,Tanzania,2020-12,2020-12-01,WB_BPS_SIZE_MI,Size: Micro (0-4),56.27,26.87,-25.08,65.52,7.9,3.34,8.21,2.89,1.75,5.57,,,,,,73.66,1.19,20.6,13.73,0.46,21.928,,25.08,-0.864467908531458,,
TZA,Tanzania,2020-06,2020-06-01,WB_BPS_SIZE_S,Size: Small (5-19),58.22,53.05,-36.78,83.89,8.04,,21.57,18.27,19.54,2.29,1.96,15.1,,,,,,,,,,-1.35294104500143,36.78,0.175468836839226,-1.35294104500143,
TZA,Tanzania,2020-12,2020-12-01,WB_BPS_SIZE_S,Size: Small (5-19),58.22,35.62,-30.78,69.72,10.53,7.14,12.94,3.19,3.39,6.506,1.73,21.5,4.47,,,75.41,0.96,20.02,16.32,0.13,22.568,-1.36609445911855,30.78,-0.635380070145149,-1.35294104500143,
UZB,Uzbekistan,2020-09,2020-09-01,WB_BPS_SIZE_M,Size: Medium (20-99),40.41,36.41,-15.4,46.18,,21.16,16.65,9.55,9,10.18,9.94,50.88,20.47,,,,,,,,,0.046507856899292,15.4,-0.691442586849275,0.046507856899292,40.41
UZB,Uzbekistan,2021-06,2021-06-01,WB_BPS_SIZE_M,Size: Medium (20-99),36.7,23.13,2.19,36.02,15.66,47.13,31.31,9.87,8.75,7.455,4.6,,66.55,16.83,33.98,,,,,,,1.51924330128517,-2.19,-0.622393431005814,0.046507856899292,40.41
UZB,Uzbekistan,2020-09,2020-09-01,WB_BPS_SIZE_MI,Size: Micro (0-4),31.51,,-13.52,35.42,,11.5,7.07,7.38,4.23,7.328,,,,,,,,,,,,,13.52,-1.12762435684571,,31.51
UZB,Uzbekistan,2021-06,2021-06-01,WB_BPS_SIZE_MI,Size: Micro (0-4),17.69,17.68,-15.81,49.49,16.94,17.16,9.83,8.12,6.67,3.39,,,,23.5,41.83,,,,,,,,15.81,-0.728423525925879,,31.51
UZB,Uzbekistan,2020-09,2020-09-01,WB_BPS_SIZE_S,Size: Small (5-19),41.07,35.78,-15.26,42.9,,14.03,14.21,5.82,5.78,10.296,8.19,49.33,19.92,,,,,,,,,-0.0644802474340758,15.26,-0.853756546165205,-0.0644802474340758,41.07
UZB,Uzbekistan,2021-06,2021-06-01,WB_BPS_SIZE_S,Size: Small (5-19),23.39,21.06,-7.69,44.5,14.74,31.16,22.23,14.16,10.42,4.7375,8.74,,64.62,21.95,37.71,,,,,,,1.69752653184632,7.69,-0.589050993426701,-0.0644802474340758,41.07
VNM,Viet Nam,2020-06,2020-06-01,WB_BPS_SIZE_L,Size: Large (100+),27.67,56.89,-40,87.03,-33.72,39.25,17.71,29.21,28.44,9.695,7.24,56.53,4.84,,,,,,,,,-0.375973765978731,40,0.409731450920579,-0.375973765978731,27.67
VNM,Viet Nam,2020-10,2020-10-01,WB_BPS_SIZE_L,Size: Large (100+),38.8,42.36,-23.56,63.2,-30.59,7.19,17.79,12.28,11.19,10.7825,10.5,74.79,68.59,,,98.79,24.06,71.15,20.77,36.7,50.294,1.3238935999989,23.56,-0.502588151020249,-0.375973765978731,27.67
VNM,Viet Nam,2021-01,2021-01-01,WB_BPS_SIZE_L,Size: Large (100+),51.79,40.88,-4.75,38.46,-21.79,8.76,15.13,4.23,6.16,19.3866666666667,2.65,76.95,6.51,11.09,,,,,,,,-0.185684676234057,4.75,-0.958760265291606,1.3238935999989,38.8
VNM,Viet Nam,2020-06,2020-06-01,WB_BPS_SIZE_M,Size: Medium (20-99),23.29,50.6,-37,89.94,-29.26,25.87,20.26,20.79,18.91,7.965,9.59,49.39,2.99,,,,,,,,,-0.444916051153036,37,0.149814457598234,-0.444916051153036,23.29
VNM,Viet Nam,2020-10,2020-10-01,WB_BPS_SIZE_M,Size: Medium (20-99),36.13,53,-33.05,72.88,-31.13,8.15,18.96,17.06,10.27,9.615,7.4,69.23,5.81,,,97.33,21.93,60.81,22.73,29.52,46.464,-0.130862894103112,33.05,-0.235009930832846,-0.444916051153036,23.29
VNM,Viet Nam,2021-01,2021-01-01,WB_BPS_SIZE_M,Size: Medium (20-99),51.51,50.52,-18.13,58.35,-24.63,6.63,13.94,5.82,6.3,13.5566666666667,3.1,72.96,6.55,7.38,,,,,,,,-0.231603594844074,18.13,-0.716420780397759,-0.130862894103112,36.13
VNM,Viet Nam,2020-06,2020-06-01,WB_BPS_SIZE_MI,Size: Micro (0-4),19.57,48.24,,,,11.05,14.24,8.89,3.75,7.67,,,,,,,,,,,,,,-0.581125741397806,,19.57
VNM,Viet Nam,2020-10,2020-10-01,WB_BPS_SIZE_MI,Size: Micro (0-4),31.41,21.88,-28.64,68.82,,,,3.11,6.5,7.265,,,,,,94.53,12.4,67.58,21.41,28.16,44.816,,28.64,-0.707513465751086,,19.57
VNM,Viet Nam,2021-01,2021-01-01,WB_BPS_SIZE_MI,Size: Micro (0-4),40.28,49.34,-38.38,66,,5.71,7.46,13.99,5.27,16.67,,,,4.05,,,,,,,,,38.38,-0.581729735654761,,31.41
VNM,Viet Nam,2020-06,2020-06-01,WB_BPS_SIZE_S,Size: Small (5-19),17.68,45.72,-35.12,79.06,-26.93,22.29,14.13,25.09,20.43,5.118,12.82,45.23,2.97,,,,,,,,,-0.381792106457554,35.12,-0.0243789757301189,-0.381792106457554,17.68
VNM,Viet Nam,2020-10,2020-10-01,WB_BPS_SIZE_S,Size: Small (5-19),26.81,44.43,-28.91,62.05,-33.37,7.36,10.28,11.23,9.72,6.0125,9.17,68.51,4.11,,,92.84,27.74,53.74,30.96,31.98,47.452,-0.0999865167475856,28.91,-0.554236619008418,-0.381792106457554,17.68
VNM,Viet Nam,2021-01,2021-01-01,WB_BPS_SIZE_S,Size: Small (5-19),39.37,48.12,-14.81,52.17,-20.44,5.16,6.66,3.27,7.41,11.2066666666667,7.91,73.63,9.27,14.59,,,,,,,,0.0459864560348755,14.81,-0.826124932041936,-0.0999865167475856,26.81
XKX,Kosovo,2020-07,2020-07-01,WB_BPS_SIZE_L,Size: Large (100+),72.35,53.94,-45.6,84.85,,49.94,5.86,26.68,21.87,16.978,2.76,57.16,13.88,,,,,,,,,-0.314223100741626,45.6,0.287885434476722,,
XKX,Kosovo,2020-07,2020-07-01,WB_BPS_SIZE_M,Size: Medium (20-99),67.3,56.07,-52.5,88.57,-12.94,44.96,8.9,20.93,12.93,15.366,2.64,36.25,5.28,,,,,,,,,-0.884123704995366,52.5,0.256822344592811,-0.884123704995366,67.3
XKX,Kosovo,2021-07,2021-07-01,WB_BPS_SIZE_M,Size: Medium (20-99),84.88,21.11,-2.74,17.81,7.94,,23.48,,,18.585,0.63,74.84,,11.66,,,,,,,,0.0324193045265083,2.74,-1.23887670126502,-0.884123704995366,67.3
XKX,Kosovo,2020-07,2020-07-01,WB_BPS_SIZE_MI,Size: Micro (0-4),62.25,,-61.42,91.38,,36.72,3.7,11.67,8.42,13.52,,,,,,,,,,,,,61.42,0.0356011640918377,,62.25
XKX,Kosovo,2021-07,2021-07-01,WB_BPS_SIZE_MI,Size: Micro (0-4),84.08,25.28,-6.27,31.69,14.55,,3.22,,,19.92,,,,12.04,36.28,,,,,,,,6.27,-1.12204744806284,,62.25
XKX,Kosovo,2020-07,2020-07-01,WB_BPS_SIZE_S,Size: Small (5-19),73.05,54.95,-56.26,89.93,-14.98,44.25,11.79,13.82,8.57,16.284,2.45,21.2,3.89,,,,,,,,,-1.17421237474345,56.26,0.21960264351398,-1.17421237474345,73.05
XKX,Kosovo,2021-07,2021-07-01,WB_BPS_SIZE_S,Size: Small (5-19),94.17,26.28,-3.49,26.12,11.28,,5.23,,,21.685,0.2,48.99,,8.14,40.5,,,,,,,-0.628550350989379,3.49,-1.15561134183697,-1.17421237474345,73.05
ZAF,South Africa,2020-05,2020-05-01,WB_BPS_SIZE_L,Size: Large (100+),23.02,15.32,-38.03,94.33,-24.11,17.3,25.51,46.45,57.13,9.4925,25.99,42.4,,,,,,,,,,0.787382079622818,38.03,0.470245610653818,0.787382079622818,23.02
ZAF,South Africa,2021-08,2021-08-01,WB_BPS_SIZE_L,Size: Large (100+),23.02,,,,,,,,,16.68,,,,,,,,,,,,0.787382079622818,,,0.787382079622818,23.02
ZAF,South Africa,2020-05,2020-05-01,WB_BPS_SIZE_M,Size: Medium (20-99),17.19,32.6,-40.95,78.54,-33.37,30.35,26.96,58.18,66.63,4.03,11.51,34.91,28.39,,,,,,,,,0.0542852330730823,40.95,0.772781222194915,0.0542852330730823,17.19
ZAF,South Africa,2020-11,2020-11-01,WB_BPS_SIZE_M,Size: Medium (20-99),58.01,59.02,-38.14,76.45,-14.96,38.14,47.45,46.24,43.74,13.825,7.53,85.92,17.31,,,96.5,35.16,86.74,68.15,24.71,62.252,0.598606483958713,38.14,0.895014598252506,0.0542852330730823,17.19
ZAF,South Africa,2021-08,2021-08-01,WB_BPS_SIZE_M,Size: Medium (20-99),53.5,69.65,-37.4,79.43,12.21,53.24,40.7,51.03,47.86,8.5925,17.84,,,61.57,44.14,,,,,,,0.598606483958713,37.4,1.10199594502781,0.598606483958713,58.01
ZAF,South Africa,2020-05,2020-05-01,WB_BPS_SIZE_MI,Size: Micro (0-4),18.93,19.93,-61.39,81.76,,50.06,29.09,53.6,56.55,3.446,,,,,,,,,,,,,61.39,0.894554696496341,,18.93
ZAF,South Africa,2020-11,2020-11-01,WB_BPS_SIZE_MI,Size: Micro (0-4),21.22,59.99,-52.49,85.75,,21.18,22.99,38.33,43.5,4.468,,,,,,84.95,28,64.43,40.65,26.46,48.898,,52.49,0.647756447144331,,18.93
ZAF,South Africa,2021-08,2021-08-01,WB_BPS_SIZE_MI,Size: Micro (0-4),18.86,62.96,-42.17,76.55,16.77,41.37,24.44,43.37,44.78,2.0175,,,,58.52,54.84,,,,,,,,42.17,0.871135964323033,,21.22
ZAF,South Africa,2020-05,2020-05-01,WB_BPS_SIZE_S,Size: Small (5-19),15.47,61.96,-64.86,90.27,-26.37,58.19,39.25,62.88,62.91,3.232,20.35,49.67,25.58,,,,,,,,,0.583621701777539,64.86,1.57271845226309,0.583621701777539,15.47
ZAF,South Africa,2020-11,2020-11-01,WB_BPS_SIZE_S,Size: Small (5-19),37.59,72.47,-44.52,82.61,-11.66,31.99,32.94,50.86,45.28,7.448,14.1,88.53,26.47,,,92.33,44.75,74.83,56.5,34.88,60.658,0.979547503188798,44.52,0.94154235570715,0.583621701777539,15.47
ZAF,South Africa,2021-08,2021-08-01,WB_BPS_SIZE_S,Size: Small (5-19),36.46,64.7,-39.41,79.06,13.11,54.74,30.92,47.24,45.39,5.55,14.8,,,58.18,56.18,,,,,,,0.979547503188798,39.41,1.03836786830138,0.979547503188798,37.59
